split,instrument_family_str,pitch,notes
test,bass,10,1
test,bass,11,1
test,bass,12,1
test,bass,13,2
test,bass,14,2
test,bass,15,1
test,bass,17,1
test,bass,18,3
test,bass,19,1
test,bass,20,2
test,bass,21,7
test,bass,22,10
test,bass,23,14
test,bass,24,8
test,bass,25,7
test,bass,26,10
test,bass,27,9
test,bass,28,9
test,bass,29,11
test,bass,30,12
test,bass,31,10
test,bass,32,16
test,bass,33,10
test,bass,34,9
test,bass,35,16
test,bass,36,10
test,bass,37,13
test,bass,38,9
test,bass,39,14
test,bass,40,23
test,bass,41,8
test,bass,42,12
test,bass,43,9
test,bass,44,15
test,bass,45,15
test,bass,46,7
test,bass,47,11
test,bass,48,15
test,bass,49,13
test,bass,50,8
test,bass,51,13
test,bass,52,13
test,bass,53,10
test,bass,54,12
test,bass,55,13
test,bass,56,8
test,bass,57,15
test,bass,58,13
test,bass,59,12
test,bass,60,8
test,bass,61,14
test,bass,62,19
test,bass,63,10
test,bass,64,8
test,bass,65,11
test,bass,66,9
test,bass,67,8
test,bass,68,8
test,bass,69,13
test,bass,70,5
test,bass,71,8
test,bass,72,8
test,bass,73,10
test,bass,74,5
test,bass,75,3
test,bass,76,7
test,bass,77,7
test,bass,78,4
test,bass,79,5
test,bass,80,9
test,bass,81,5
test,bass,82,5
test,bass,83,10
test,bass,84,10
test,bass,85,8
test,bass,86,6
test,bass,87,6
test,bass,88,8
test,bass,89,5
test,bass,90,6
test,bass,91,12
test,bass,92,10
test,bass,93,9
test,bass,94,4
test,bass,95,9
test,bass,96,11
test,bass,97,4
test,bass,98,4
test,bass,99,6
test,bass,100,7
test,bass,101,4
test,bass,102,7
test,bass,103,3
test,bass,104,12
test,bass,105,9
test,bass,106,10
test,bass,107,6
test,bass,108,4
test,brass,25,1
test,brass,26,1
test,brass,27,2
test,brass,28,1
test,brass,29,2
test,brass,30,3
test,brass,31,2
test,brass,32,4
test,brass,33,1
test,brass,34,1
test,brass,35,2
test,brass,36,3
test,brass,37,3
test,brass,39,3
test,brass,40,3
test,brass,41,3
test,brass,42,4
test,brass,43,5
test,brass,44,2
test,brass,45,5
test,brass,46,2
test,brass,47,6
test,brass,48,3
test,brass,49,5
test,brass,50,3
test,brass,51,5
test,brass,52,3
test,brass,53,4
test,brass,54,3
test,brass,55,5
test,brass,56,4
test,brass,57,4
test,brass,58,8
test,brass,59,6
test,brass,60,7
test,brass,61,7
test,brass,62,6
test,brass,63,4
test,brass,64,7
test,brass,65,8
test,brass,66,6
test,brass,67,4
test,brass,68,6
test,brass,69,4
test,brass,70,5
test,brass,71,2
test,brass,72,5
test,brass,73,4
test,brass,74,4
test,brass,75,4
test,brass,76,2
test,brass,77,4
test,brass,78,1
test,brass,79,6
test,brass,80,3
test,brass,81,2
test,brass,82,1
test,brass,83,2
test,brass,84,5
test,brass,85,4
test,brass,86,6
test,brass,87,3
test,brass,88,2
test,brass,89,3
test,brass,91,1
test,brass,92,1
test,brass,93,2
test,brass,94,2
test,brass,95,3
test,brass,96,3
test,brass,97,2
test,brass,98,2
test,brass,99,1
test,brass,100,1
test,brass,101,2
test,brass,104,2
test,brass,105,2
test,brass,106,2
test,brass,107,2
test,brass,108,2
test,flute,21,2
test,flute,22,3
test,flute,23,2
test,flute,24,1
test,flute,25,1
test,flute,26,2
test,flute,27,2
test,flute,28,2
test,flute,29,2
test,flute,30,3
test,flute,31,1
test,flute,34,1
test,flute,35,1
test,flute,36,2
test,flute,37,1
test,flute,39,2
test,flute,40,2
test,flute,41,3
test,flute,42,2
test,flute,43,1
test,flute,45,1
test,flute,47,1
test,flute,48,2
test,flute,49,3
test,flute,50,2
test,flute,51,1
test,flute,52,3
test,flute,53,2
test,flute,54,4
test,flute,55,1
test,flute,57,3
test,flute,58,2
test,flute,60,1
test,flute,61,2
test,flute,62,2
test,flute,63,1
test,flute,64,2
test,flute,66,2
test,flute,67,2
test,flute,68,3
test,flute,69,1
test,flute,70,1
test,flute,71,2
test,flute,72,5
test,flute,73,4
test,flute,74,1
test,flute,75,2
test,flute,76,1
test,flute,77,4
test,flute,78,3
test,flute,79,5
test,flute,80,2
test,flute,81,3
test,flute,83,3
test,flute,84,3
test,flute,85,2
test,flute,86,4
test,flute,87,4
test,flute,88,1
test,flute,90,3
test,flute,91,5
test,flute,92,3
test,flute,93,1
test,flute,94,1
test,flute,95,3
test,flute,96,3
test,flute,97,1
test,flute,98,6
test,flute,99,4
test,flute,100,3
test,flute,101,4
test,flute,102,2
test,flute,103,2
test,flute,104,2
test,flute,105,4
test,flute,106,2
test,flute,107,2
test,flute,108,2
test,guitar,21,7
test,guitar,22,11
test,guitar,23,7
test,guitar,24,14
test,guitar,25,7
test,guitar,26,7
test,guitar,27,6
test,guitar,28,7
test,guitar,29,7
test,guitar,30,5
test,guitar,31,7
test,guitar,32,6
test,guitar,33,6
test,guitar,34,9
test,guitar,35,5
test,guitar,36,7
test,guitar,37,11
test,guitar,38,4
test,guitar,39,5
test,guitar,40,7
test,guitar,41,7
test,guitar,42,8
test,guitar,43,7
test,guitar,44,5
test,guitar,45,9
test,guitar,46,9
test,guitar,47,3
test,guitar,48,9
test,guitar,49,7
test,guitar,50,9
test,guitar,51,12
test,guitar,52,9
test,guitar,53,6
test,guitar,54,9
test,guitar,55,5
test,guitar,56,7
test,guitar,57,10
test,guitar,58,7
test,guitar,59,6
test,guitar,60,9
test,guitar,61,10
test,guitar,62,9
test,guitar,63,9
test,guitar,64,8
test,guitar,65,5
test,guitar,66,4
test,guitar,67,9
test,guitar,68,11
test,guitar,69,6
test,guitar,70,7
test,guitar,71,9
test,guitar,72,9
test,guitar,73,7
test,guitar,74,8
test,guitar,75,6
test,guitar,76,11
test,guitar,77,15
test,guitar,78,1
test,guitar,79,4
test,guitar,80,8
test,guitar,81,5
test,guitar,82,9
test,guitar,83,8
test,guitar,84,8
test,guitar,85,7
test,guitar,86,6
test,guitar,87,10
test,guitar,88,4
test,guitar,89,8
test,guitar,90,11
test,guitar,91,4
test,guitar,92,8
test,guitar,93,6
test,guitar,94,8
test,guitar,95,4
test,guitar,96,10
test,guitar,97,7
test,guitar,98,9
test,guitar,99,11
test,guitar,100,5
test,guitar,101,9
test,guitar,102,9
test,guitar,103,7
test,guitar,104,8
test,guitar,105,3
test,guitar,106,3
test,guitar,107,5
test,guitar,108,6
test,keyboard,21,7
test,keyboard,22,7
test,keyboard,23,6
test,keyboard,24,3
test,keyboard,25,8
test,keyboard,26,8
test,keyboard,27,9
test,keyboard,28,10
test,keyboard,29,11
test,keyboard,30,9
test,keyboard,31,15
test,keyboard,32,7
test,keyboard,33,12
test,keyboard,34,7
test,keyboard,35,5
test,keyboard,36,12
test,keyboard,37,8
test,keyboard,38,7
test,keyboard,39,16
test,keyboard,40,10
test,keyboard,41,7
test,keyboard,42,6
test,keyboard,43,7
test,keyboard,44,10
test,keyboard,45,10
test,keyboard,46,8
test,keyboard,47,8
test,keyboard,48,14
test,keyboard,49,7
test,keyboard,50,7
test,keyboard,51,10
test,keyboard,52,12
test,keyboard,53,11
test,keyboard,54,11
test,keyboard,55,5
test,keyboard,56,8
test,keyboard,57,10
test,keyboard,58,11
test,keyboard,59,10
test,keyboard,60,6
test,keyboard,61,13
test,keyboard,62,13
test,keyboard,63,15
test,keyboard,64,9
test,keyboard,65,10
test,keyboard,66,9
test,keyboard,67,8
test,keyboard,68,8
test,keyboard,69,11
test,keyboard,70,9
test,keyboard,71,10
test,keyboard,72,16
test,keyboard,73,13
test,keyboard,74,11
test,keyboard,75,11
test,keyboard,76,8
test,keyboard,77,9
test,keyboard,78,7
test,keyboard,79,8
test,keyboard,80,10
test,keyboard,81,12
test,keyboard,82,16
test,keyboard,83,10
test,keyboard,84,8
test,keyboard,85,9
test,keyboard,86,16
test,keyboard,87,12
test,keyboard,88,12
test,keyboard,89,6
test,keyboard,90,9
test,keyboard,91,5
test,keyboard,92,5
test,keyboard,93,10
test,keyboard,94,5
test,keyboard,95,5
test,keyboard,96,4
test,keyboard,97,5
test,keyboard,98,4
test,keyboard,99,4
test,keyboard,100,5
test,keyboard,101,4
test,keyboard,102,7
test,keyboard,103,6
test,keyboard,104,5
test,keyboard,105,5
test,keyboard,106,3
test,keyboard,107,5
test,keyboard,108,6
test,mallet,21,1
test,mallet,24,1
test,mallet,25,2
test,mallet,26,2
test,mallet,28,2
test,mallet,29,1
test,mallet,32,1
test,mallet,33,2
test,mallet,34,1
test,mallet,35,3
test,mallet,36,2
test,mallet,37,3
test,mallet,39,1
test,mallet,40,2
test,mallet,42,1
test,mallet,43,1
test,mallet,44,4
test,mallet,45,4
test,mallet,46,1
test,mallet,47,1
test,mallet,48,4
test,mallet,49,4
test,mallet,50,2
test,mallet,52,2
test,mallet,53,1
test,mallet,54,2
test,mallet,55,3
test,mallet,57,1
test,mallet,58,1
test,mallet,59,1
test,mallet,60,2
test,mallet,61,1
test,mallet,63,2
test,mallet,64,1
test,mallet,65,5
test,mallet,66,6
test,mallet,67,3
test,mallet,68,2
test,mallet,69,1
test,mallet,70,3
test,mallet,71,2
test,mallet,72,4
test,mallet,73,4
test,mallet,74,4
test,mallet,75,2
test,mallet,76,1
test,mallet,77,4
test,mallet,78,4
test,mallet,79,3
test,mallet,80,3
test,mallet,81,3
test,mallet,82,3
test,mallet,83,3
test,mallet,84,6
test,mallet,85,2
test,mallet,86,5
test,mallet,87,3
test,mallet,88,2
test,mallet,89,2
test,mallet,90,5
test,mallet,91,4
test,mallet,92,2
test,mallet,93,3
test,mallet,94,1
test,mallet,95,3
test,mallet,96,3
test,mallet,97,1
test,mallet,98,2
test,mallet,99,2
test,mallet,100,2
test,mallet,101,5
test,mallet,102,3
test,mallet,103,3
test,mallet,104,2
test,mallet,105,2
test,mallet,106,3
test,mallet,107,5
test,mallet,108,2
test,mallet,110,1
test,mallet,113,1
test,mallet,115,1
test,mallet,116,1
test,mallet,118,1
test,mallet,119,1
test,organ,9,2
test,organ,10,3
test,organ,11,2
test,organ,12,1
test,organ,13,1
test,organ,16,2
test,organ,18,1
test,organ,19,2
test,organ,20,1
test,organ,21,1
test,organ,22,1
test,organ,23,5
test,organ,24,8
test,organ,25,7
test,organ,26,5
test,organ,27,3
test,organ,28,2
test,organ,29,5
test,organ,30,6
test,organ,31,5
test,organ,32,9
test,organ,33,6
test,organ,34,7
test,organ,35,7
test,organ,36,8
test,organ,37,9
test,organ,38,4
test,organ,39,5
test,organ,40,9
test,organ,41,7
test,organ,42,5
test,organ,43,8
test,organ,44,7
test,organ,45,9
test,organ,46,5
test,organ,47,5
test,organ,48,8
test,organ,49,5
test,organ,50,8
test,organ,51,6
test,organ,52,9
test,organ,53,8
test,organ,54,4
test,organ,55,8
test,organ,56,10
test,organ,57,6
test,organ,58,9
test,organ,59,7
test,organ,60,11
test,organ,61,6
test,organ,62,6
test,organ,63,6
test,organ,64,11
test,organ,65,10
test,organ,66,4
test,organ,67,8
test,organ,68,8
test,organ,69,7
test,organ,70,10
test,organ,71,6
test,organ,72,9
test,organ,73,11
test,organ,74,9
test,organ,75,4
test,organ,76,8
test,organ,77,7
test,organ,78,6
test,organ,79,5
test,organ,80,8
test,organ,81,6
test,organ,82,8
test,organ,83,6
test,organ,84,8
test,organ,85,4
test,organ,87,3
test,organ,88,4
test,organ,89,5
test,organ,90,5
test,organ,91,4
test,organ,92,4
test,organ,93,3
test,organ,94,2
test,organ,95,5
test,organ,96,3
test,organ,99,1
test,organ,101,2
test,organ,102,2
test,organ,103,1
test,organ,104,2
test,organ,106,1
test,organ,107,1
test,organ,108,1
test,reed,31,4
test,reed,32,3
test,reed,33,5
test,reed,34,1
test,reed,35,4
test,reed,36,4
test,reed,37,3
test,reed,38,4
test,reed,39,7
test,reed,40,3
test,reed,41,1
test,reed,42,4
test,reed,43,4
test,reed,44,4
test,reed,45,2
test,reed,46,3
test,reed,47,2
test,reed,48,2
test,reed,49,4
test,reed,50,5
test,reed,51,1
test,reed,52,5
test,reed,53,3
test,reed,54,5
test,reed,55,6
test,reed,56,3
test,reed,57,8
test,reed,58,5
test,reed,59,2
test,reed,60,8
test,reed,61,4
test,reed,62,8
test,reed,63,2
test,reed,64,4
test,reed,65,6
test,reed,66,4
test,reed,67,5
test,reed,68,5
test,reed,69,7
test,reed,70,4
test,reed,71,5
test,reed,72,6
test,reed,73,7
test,reed,74,7
test,reed,75,6
test,reed,76,3
test,reed,77,4
test,reed,78,2
test,reed,79,2
test,reed,80,1
test,reed,81,2
test,reed,82,2
test,reed,83,3
test,reed,84,3
test,reed,85,2
test,reed,86,3
test,reed,88,2
test,reed,89,1
test,reed,90,2
test,reed,91,1
test,reed,92,2
test,reed,93,1
test,reed,95,2
test,reed,97,2
test,string,24,3
test,string,25,6
test,string,26,5
test,string,27,5
test,string,28,8
test,string,29,7
test,string,30,6
test,string,31,4
test,string,32,5
test,string,33,5
test,string,34,7
test,string,35,7
test,string,36,7
test,string,37,8
test,string,38,6
test,string,39,8
test,string,40,9
test,string,41,11
test,string,42,4
test,string,43,6
test,string,44,6
test,string,45,6
test,string,46,6
test,string,47,10
test,string,48,4
test,string,49,6
test,string,50,5
test,string,51,5
test,string,52,6
test,string,53,6
test,string,54,7
test,string,55,7
test,string,56,2
test,string,57,1
test,string,58,5
test,string,59,6
test,string,60,5
test,string,61,7
test,string,62,5
test,string,63,5
test,string,64,6
test,string,65,5
test,string,67,3
test,string,68,1
test,string,69,2
test,string,70,2
test,string,71,7
test,string,72,3
test,string,73,2
test,string,74,3
test,string,75,2
test,string,76,1
test,string,77,3
test,string,78,5
test,string,79,4
test,string,80,2
test,string,81,1
test,string,82,1
test,string,83,1
test,string,84,1
test,string,85,1
test,string,86,1
test,string,87,2
test,string,88,1
test,string,89,1
test,string,90,2
test,string,92,2
test,string,93,1
test,string,95,1
test,string,96,2
test,vocal,22,2
test,vocal,23,1
test,vocal,24,1
test,vocal,27,3
test,vocal,28,2
test,vocal,29,1
test,vocal,30,1
test,vocal,32,1
test,vocal,33,2
test,vocal,34,1
test,vocal,35,1
test,vocal,36,3
test,vocal,39,1
test,vocal,40,1
test,vocal,41,2
test,vocal,42,2
test,vocal,44,1
test,vocal,45,2
test,vocal,47,1
test,vocal,48,1
test,vocal,50,6
test,vocal,51,2
test,vocal,52,1
test,vocal,53,1
test,vocal,54,2
test,vocal,55,3
test,vocal,56,4
test,vocal,57,4
test,vocal,58,2
test,vocal,59,2
test,vocal,60,3
test,vocal,62,1
test,vocal,63,3
test,vocal,64,5
test,vocal,65,4
test,vocal,66,2
test,vocal,67,2
test,vocal,68,2
test,vocal,69,1
test,vocal,70,3
test,vocal,71,1
test,vocal,72,1
test,vocal,73,1
test,vocal,74,2
test,vocal,75,1
test,vocal,76,1
test,vocal,77,1
test,vocal,78,2
test,vocal,79,2
test,vocal,80,2
test,vocal,81,1
test,vocal,82,2
test,vocal,83,1
test,vocal,84,1
test,vocal,85,3
test,vocal,86,1
test,vocal,87,1
test,vocal,88,1
test,vocal,90,2
test,vocal,91,2
test,vocal,92,2
test,vocal,93,1
test,vocal,94,2
test,vocal,95,3
test,vocal,96,3
test,vocal,97,2
test,vocal,99,1
test,vocal,100,2
test,vocal,101,1
test,vocal,103,1
test,vocal,104,4
test,vocal,105,3
test,vocal,107,1
test,vocal,108,3
train,bass,9,82
train,bass,10,82
train,bass,11,82
train,bass,12,82
train,bass,13,82
train,bass,14,82
train,bass,15,82
train,bass,16,87
train,bass,17,87
train,bass,18,82
train,bass,19,87
train,bass,20,82
train,bass,21,659
train,bass,22,805
train,bass,23,840
train,bass,24,846
train,bass,25,846
train,bass,26,845
train,bass,27,847
train,bass,28,845
train,bass,29,845
train,bass,30,845
train,bass,31,844
train,bass,32,845
train,bass,33,847
train,bass,34,846
train,bass,35,844
train,bass,36,845
train,bass,37,845
train,bass,38,844
train,bass,39,847
train,bass,40,847
train,bass,41,845
train,bass,42,845
train,bass,43,845
train,bass,44,846
train,bass,45,846
train,bass,46,846
train,bass,47,845
train,bass,48,843
train,bass,49,846
train,bass,50,845
train,bass,51,846
train,bass,52,851
train,bass,53,850
train,bass,54,850
train,bass,55,848
train,bass,56,849
train,bass,57,849
train,bass,58,849
train,bass,59,851
train,bass,60,851
train,bass,61,851
train,bass,62,853
train,bass,63,852
train,bass,64,716
train,bass,65,683
train,bass,66,681
train,bass,67,684
train,bass,68,667
train,bass,69,666
train,bass,70,669
train,bass,71,664
train,bass,72,664
train,bass,73,661
train,bass,74,663
train,bass,75,661
train,bass,76,659
train,bass,77,659
train,bass,78,653
train,bass,79,653
train,bass,80,653
train,bass,81,651
train,bass,82,652
train,bass,83,651
train,bass,84,653
train,bass,85,649
train,bass,86,643
train,bass,87,641
train,bass,88,642
train,bass,89,642
train,bass,90,642
train,bass,91,643
train,bass,92,641
train,bass,93,643
train,bass,94,641
train,bass,95,642
train,bass,96,636
train,bass,97,556
train,bass,98,554
train,bass,99,555
train,bass,100,553
train,bass,101,555
train,bass,102,553
train,bass,103,554
train,bass,104,548
train,bass,105,551
train,bass,106,552
train,bass,107,545
train,bass,108,547
train,bass,109,5
train,brass,21,5
train,brass,22,20
train,brass,23,20
train,brass,24,65
train,brass,25,65
train,brass,26,65
train,brass,27,65
train,brass,28,65
train,brass,29,65
train,brass,30,65
train,brass,31,110
train,brass,32,110
train,brass,33,110
train,brass,34,115
train,brass,35,120
train,brass,36,130
train,brass,37,130
train,brass,38,130
train,brass,39,130
train,brass,40,150
train,brass,41,185
train,brass,42,185
train,brass,43,186
train,brass,44,191
train,brass,45,191
train,brass,46,191
train,brass,47,191
train,brass,48,196
train,brass,49,196
train,brass,50,196
train,brass,51,196
train,brass,52,306
train,brass,53,306
train,brass,54,311
train,brass,55,312
train,brass,56,312
train,brass,57,312
train,brass,58,312
train,brass,59,312
train,brass,60,312
train,brass,61,312
train,brass,62,312
train,brass,63,312
train,brass,64,312
train,brass,65,272
train,brass,66,257
train,brass,67,257
train,brass,68,252
train,brass,69,252
train,brass,70,252
train,brass,71,247
train,brass,72,247
train,brass,73,232
train,brass,74,232
train,brass,75,227
train,brass,76,227
train,brass,77,202
train,brass,78,156
train,brass,79,156
train,brass,80,151
train,brass,81,151
train,brass,82,151
train,brass,83,151
train,brass,84,141
train,brass,85,121
train,brass,86,121
train,brass,87,116
train,brass,88,106
train,brass,89,46
train,brass,90,10
train,brass,91,10
train,brass,92,10
train,brass,93,10
train,brass,94,10
train,brass,95,10
train,brass,96,10
train,flute,21,32
train,flute,22,33
train,flute,23,36
train,flute,24,38
train,flute,25,40
train,flute,26,37
train,flute,27,41
train,flute,28,42
train,flute,29,39
train,flute,30,40
train,flute,31,41
train,flute,32,40
train,flute,33,38
train,flute,34,39
train,flute,35,39
train,flute,36,38
train,flute,37,37
train,flute,38,39
train,flute,39,38
train,flute,40,39
train,flute,41,39
train,flute,42,39
train,flute,43,46
train,flute,44,43
train,flute,45,43
train,flute,46,46
train,flute,47,46
train,flute,48,74
train,flute,49,72
train,flute,50,74
train,flute,51,73
train,flute,52,74
train,flute,53,78
train,flute,54,77
train,flute,55,113
train,flute,56,118
train,flute,57,113
train,flute,58,114
train,flute,59,116
train,flute,60,125
train,flute,61,121
train,flute,62,121
train,flute,63,127
train,flute,64,122
train,flute,65,132
train,flute,66,123
train,flute,67,160
train,flute,68,158
train,flute,69,166
train,flute,70,171
train,flute,71,153
train,flute,72,172
train,flute,73,162
train,flute,74,165
train,flute,75,157
train,flute,76,168
train,flute,77,177
train,flute,78,163
train,flute,79,167
train,flute,80,152
train,flute,81,169
train,flute,82,170
train,flute,83,157
train,flute,84,163
train,flute,85,147
train,flute,86,163
train,flute,87,152
train,flute,88,157
train,flute,89,146
train,flute,90,149
train,flute,91,139
train,flute,92,139
train,flute,93,141
train,flute,94,139
train,flute,95,141
train,flute,96,140
train,flute,97,112
train,flute,98,116
train,flute,99,118
train,flute,100,113
train,flute,101,77
train,flute,102,74
train,flute,103,72
train,flute,104,72
train,flute,105,70
train,flute,106,70
train,flute,107,72
train,flute,108,69
train,guitar,9,15
train,guitar,10,15
train,guitar,11,15
train,guitar,12,15
train,guitar,13,15
train,guitar,14,15
train,guitar,15,15
train,guitar,16,15
train,guitar,17,15
train,guitar,18,15
train,guitar,19,15
train,guitar,20,15
train,guitar,21,303
train,guitar,22,303
train,guitar,23,303
train,guitar,24,303
train,guitar,25,305
train,guitar,26,303
train,guitar,27,304
train,guitar,28,304
train,guitar,29,304
train,guitar,30,303
train,guitar,31,308
train,guitar,32,309
train,guitar,33,313
train,guitar,34,320
train,guitar,35,324
train,guitar,36,388
train,guitar,37,400
train,guitar,38,396
train,guitar,39,404
train,guitar,40,403
train,guitar,41,407
train,guitar,42,419
train,guitar,43,400
train,guitar,44,418
train,guitar,45,401
train,guitar,46,417
train,guitar,47,405
train,guitar,48,425
train,guitar,49,423
train,guitar,50,423
train,guitar,51,422
train,guitar,52,422
train,guitar,53,421
train,guitar,54,423
train,guitar,55,430
train,guitar,56,428
train,guitar,57,430
train,guitar,58,427
train,guitar,59,429
train,guitar,60,431
train,guitar,61,429
train,guitar,62,425
train,guitar,63,434
train,guitar,64,431
train,guitar,65,436
train,guitar,66,433
train,guitar,67,435
train,guitar,68,430
train,guitar,69,434
train,guitar,70,436
train,guitar,71,436
train,guitar,72,432
train,guitar,73,415
train,guitar,74,418
train,guitar,75,416
train,guitar,76,416
train,guitar,77,410
train,guitar,78,413
train,guitar,79,416
train,guitar,80,402
train,guitar,81,405
train,guitar,82,401
train,guitar,83,402
train,guitar,84,404
train,guitar,85,398
train,guitar,86,371
train,guitar,87,320
train,guitar,88,317
train,guitar,89,315
train,guitar,90,314
train,guitar,91,316
train,guitar,92,317
train,guitar,93,316
train,guitar,94,319
train,guitar,95,314
train,guitar,96,317
train,guitar,97,292
train,guitar,98,284
train,guitar,99,285
train,guitar,100,283
train,guitar,101,282
train,guitar,102,285
train,guitar,103,285
train,guitar,104,284
train,guitar,105,281
train,guitar,106,284
train,guitar,107,284
train,guitar,108,284
train,guitar,109,4
train,guitar,110,5
train,guitar,111,4
train,guitar,112,3
train,guitar,113,3
train,guitar,114,6
train,guitar,115,6
train,guitar,116,4
train,guitar,117,6
train,guitar,118,3
train,guitar,119,3
train,guitar,120,6
train,keyboard,9,10
train,keyboard,10,10
train,keyboard,11,10
train,keyboard,12,10
train,keyboard,13,10
train,keyboard,14,10
train,keyboard,15,10
train,keyboard,16,10
train,keyboard,17,10
train,keyboard,18,10
train,keyboard,19,10
train,keyboard,20,10
train,keyboard,21,405
train,keyboard,22,404
train,keyboard,23,445
train,keyboard,24,472
train,keyboard,25,473
train,keyboard,26,474
train,keyboard,27,474
train,keyboard,28,513
train,keyboard,29,527
train,keyboard,30,559
train,keyboard,31,556
train,keyboard,32,558
train,keyboard,33,578
train,keyboard,34,575
train,keyboard,35,579
train,keyboard,36,635
train,keyboard,37,635
train,keyboard,38,638
train,keyboard,39,638
train,keyboard,40,637
train,keyboard,41,639
train,keyboard,42,637
train,keyboard,43,636
train,keyboard,44,637
train,keyboard,45,637
train,keyboard,46,637
train,keyboard,47,635
train,keyboard,48,656
train,keyboard,49,654
train,keyboard,50,653
train,keyboard,51,660
train,keyboard,52,654
train,keyboard,53,654
train,keyboard,54,656
train,keyboard,55,658
train,keyboard,56,653
train,keyboard,57,652
train,keyboard,58,650
train,keyboard,59,651
train,keyboard,60,659
train,keyboard,61,658
train,keyboard,62,661
train,keyboard,63,658
train,keyboard,64,654
train,keyboard,65,657
train,keyboard,66,651
train,keyboard,67,657
train,keyboard,68,656
train,keyboard,69,653
train,keyboard,70,658
train,keyboard,71,660
train,keyboard,72,663
train,keyboard,73,653
train,keyboard,74,656
train,keyboard,75,656
train,keyboard,76,652
train,keyboard,77,660
train,keyboard,78,653
train,keyboard,79,652
train,keyboard,80,657
train,keyboard,81,658
train,keyboard,82,656
train,keyboard,83,654
train,keyboard,84,658
train,keyboard,85,646
train,keyboard,86,645
train,keyboard,87,625
train,keyboard,88,632
train,keyboard,89,611
train,keyboard,90,582
train,keyboard,91,580
train,keyboard,92,586
train,keyboard,93,580
train,keyboard,94,580
train,keyboard,95,574
train,keyboard,96,576
train,keyboard,97,465
train,keyboard,98,470
train,keyboard,99,439
train,keyboard,100,436
train,keyboard,101,396
train,keyboard,102,395
train,keyboard,103,398
train,keyboard,104,395
train,keyboard,105,392
train,keyboard,106,396
train,keyboard,107,396
train,keyboard,108,397
train,keyboard,109,8
train,keyboard,110,7
train,mallet,9,10
train,mallet,10,10
train,mallet,11,10
train,mallet,12,10
train,mallet,13,10
train,mallet,14,10
train,mallet,15,10
train,mallet,16,10
train,mallet,17,10
train,mallet,18,10
train,mallet,19,10
train,mallet,20,10
train,mallet,21,316
train,mallet,22,317
train,mallet,23,316
train,mallet,24,316
train,mallet,25,317
train,mallet,26,321
train,mallet,27,316
train,mallet,28,321
train,mallet,29,317
train,mallet,30,316
train,mallet,31,319
train,mallet,32,323
train,mallet,33,339
train,mallet,34,328
train,mallet,35,335
train,mallet,36,354
train,mallet,37,357
train,mallet,38,360
train,mallet,39,354
train,mallet,40,357
train,mallet,41,356
train,mallet,42,358
train,mallet,43,362
train,mallet,44,360
train,mallet,45,375
train,mallet,46,371
train,mallet,47,378
train,mallet,48,411
train,mallet,49,396
train,mallet,50,411
train,mallet,51,396
train,mallet,52,411
train,mallet,53,422
train,mallet,54,405
train,mallet,55,426
train,mallet,56,410
train,mallet,57,423
train,mallet,58,410
train,mallet,59,427
train,mallet,60,431
train,mallet,61,413
train,mallet,62,426
train,mallet,63,414
train,mallet,64,435
train,mallet,65,441
train,mallet,66,427
train,mallet,67,443
train,mallet,68,427
train,mallet,69,441
train,mallet,70,427
train,mallet,71,442
train,mallet,72,443
train,mallet,73,412
train,mallet,74,433
train,mallet,75,422
train,mallet,76,436
train,mallet,77,433
train,mallet,78,416
train,mallet,79,437
train,mallet,80,421
train,mallet,81,441
train,mallet,82,425
train,mallet,83,439
train,mallet,84,437
train,mallet,85,417
train,mallet,86,435
train,mallet,87,410
train,mallet,88,430
train,mallet,89,424
train,mallet,90,393
train,mallet,91,412
train,mallet,92,395
train,mallet,93,392
train,mallet,94,390
train,mallet,95,397
train,mallet,96,388
train,mallet,97,356
train,mallet,98,360
train,mallet,99,350
train,mallet,100,355
train,mallet,101,350
train,mallet,102,337
train,mallet,103,345
train,mallet,104,341
train,mallet,105,347
train,mallet,106,344
train,mallet,107,347
train,mallet,108,343
train,mallet,109,19
train,mallet,110,12
train,mallet,111,16
train,mallet,112,13
train,mallet,113,12
train,mallet,114,14
train,mallet,115,12
train,mallet,116,10
train,mallet,117,13
train,mallet,118,12
train,mallet,119,12
train,mallet,120,9
train,organ,9,5
train,organ,10,5
train,organ,11,5
train,organ,12,5
train,organ,13,5
train,organ,14,5
train,organ,15,5
train,organ,16,5
train,organ,17,5
train,organ,18,5
train,organ,19,5
train,organ,20,5
train,organ,21,92
train,organ,22,92
train,organ,23,92
train,organ,24,427
train,organ,25,428
train,organ,26,427
train,organ,27,427
train,organ,28,428
train,organ,29,429
train,organ,30,426
train,organ,31,429
train,organ,32,429
train,organ,33,429
train,organ,34,432
train,organ,35,432
train,organ,36,526
train,organ,37,520
train,organ,38,525
train,organ,39,526
train,organ,40,532
train,organ,41,524
train,organ,42,524
train,organ,43,523
train,organ,44,527
train,organ,45,528
train,organ,46,526
train,organ,47,526
train,organ,48,516
train,organ,49,516
train,organ,50,524
train,organ,51,517
train,organ,52,522
train,organ,53,520
train,organ,54,520
train,organ,55,523
train,organ,56,521
train,organ,57,519
train,organ,58,520
train,organ,59,515
train,organ,60,521
train,organ,61,522
train,organ,62,524
train,organ,63,521
train,organ,64,519
train,organ,65,520
train,organ,66,525
train,organ,67,520
train,organ,68,520
train,organ,69,522
train,organ,70,524
train,organ,71,523
train,organ,72,521
train,organ,73,525
train,organ,74,522
train,organ,75,526
train,organ,76,524
train,organ,77,528
train,organ,78,526
train,organ,79,524
train,organ,80,525
train,organ,81,522
train,organ,82,522
train,organ,83,522
train,organ,84,530
train,organ,85,208
train,organ,86,198
train,organ,87,181
train,organ,88,181
train,organ,89,183
train,organ,90,182
train,organ,91,183
train,organ,92,184
train,organ,93,179
train,organ,94,180
train,organ,95,179
train,organ,96,181
train,organ,97,94
train,organ,98,92
train,organ,99,93
train,organ,100,95
train,organ,101,93
train,organ,102,94
train,organ,103,94
train,organ,104,94
train,organ,105,95
train,organ,106,94
train,organ,107,91
train,organ,108,93
train,organ,109,4
train,organ,110,5
train,organ,111,4
train,organ,112,3
train,organ,113,1
train,organ,114,3
train,organ,115,3
train,organ,116,4
train,organ,117,4
train,organ,118,4
train,organ,119,1
train,organ,120,3
train,reed,21,52
train,reed,22,62
train,reed,23,62
train,reed,24,62
train,reed,25,67
train,reed,26,62
train,reed,27,67
train,reed,28,67
train,reed,29,67
train,reed,30,72
train,reed,31,117
train,reed,32,122
train,reed,33,117
train,reed,34,132
train,reed,35,127
train,reed,36,137
train,reed,37,137
train,reed,38,132
train,reed,39,137
train,reed,40,132
train,reed,41,137
train,reed,42,132
train,reed,43,137
train,reed,44,147
train,reed,45,142
train,reed,46,147
train,reed,47,142
train,reed,48,227
train,reed,49,227
train,reed,50,222
train,reed,51,227
train,reed,52,222
train,reed,53,227
train,reed,54,222
train,reed,55,267
train,reed,56,267
train,reed,57,267
train,reed,58,277
train,reed,59,272
train,reed,60,280
train,reed,61,270
train,reed,62,265
train,reed,63,269
train,reed,64,265
train,reed,65,269
train,reed,66,264
train,reed,67,268
train,reed,68,268
train,reed,69,259
train,reed,70,264
train,reed,71,258
train,reed,72,266
train,reed,73,265
train,reed,74,261
train,reed,75,259
train,reed,76,260
train,reed,77,214
train,reed,78,216
train,reed,79,215
train,reed,80,189
train,reed,81,188
train,reed,82,187
train,reed,83,190
train,reed,84,189
train,reed,85,188
train,reed,86,184
train,reed,87,174
train,reed,88,174
train,reed,89,159
train,reed,90,154
train,reed,91,155
train,reed,92,82
train,reed,93,82
train,reed,94,67
train,reed,95,62
train,reed,96,62
train,reed,97,36
train,reed,98,36
train,reed,99,36
train,reed,100,36
train,reed,101,36
train,reed,102,36
train,reed,103,36
train,reed,104,36
train,reed,105,36
train,reed,106,36
train,reed,107,36
train,reed,108,36
train,string,23,10
train,string,24,130
train,string,25,130
train,string,26,135
train,string,27,135
train,string,28,135
train,string,29,135
train,string,30,145
train,string,31,145
train,string,32,145
train,string,33,145
train,string,34,145
train,string,35,145
train,string,36,230
train,string,37,230
train,string,38,230
train,string,39,230
train,string,40,235
train,string,41,235
train,string,42,235
train,string,43,235
train,string,44,235
train,string,45,235
train,string,46,235
train,string,47,235
train,string,48,336
train,string,49,326
train,string,50,336
train,string,51,326
train,string,52,336
train,string,53,336
train,string,54,321
train,string,55,422
train,string,56,387
train,string,57,397
train,string,58,387
train,string,59,397
train,string,60,397
train,string,61,387
train,string,62,397
train,string,63,382
train,string,64,392
train,string,65,392
train,string,66,367
train,string,67,377
train,string,68,342
train,string,69,352
train,string,70,342
train,string,71,352
train,string,72,352
train,string,73,307
train,string,74,317
train,string,75,307
train,string,76,317
train,string,77,297
train,string,78,287
train,string,79,297
train,string,80,262
train,string,81,272
train,string,82,262
train,string,83,262
train,string,84,262
train,string,85,202
train,string,86,202
train,string,87,202
train,string,88,202
train,string,89,197
train,string,90,196
train,string,91,196
train,string,92,171
train,string,93,171
train,string,94,166
train,string,95,166
train,string,96,166
train,string,97,40
train,string,98,35
train,string,99,25
train,string,100,25
train,string,101,25
train,string,102,5
train,string,103,5
train,string,104,5
train,string,105,5
train,synth_lead,9,20
train,synth_lead,10,20
train,synth_lead,11,20
train,synth_lead,12,20
train,synth_lead,13,20
train,synth_lead,14,20
train,synth_lead,15,20
train,synth_lead,16,20
train,synth_lead,17,20
train,synth_lead,18,20
train,synth_lead,19,20
train,synth_lead,20,20
train,synth_lead,21,60
train,synth_lead,22,60
train,synth_lead,23,60
train,synth_lead,24,60
train,synth_lead,25,60
train,synth_lead,26,60
train,synth_lead,27,60
train,synth_lead,28,60
train,synth_lead,29,60
train,synth_lead,30,60
train,synth_lead,31,60
train,synth_lead,32,60
train,synth_lead,33,60
train,synth_lead,34,64
train,synth_lead,35,63
train,synth_lead,36,63
train,synth_lead,37,61
train,synth_lead,38,63
train,synth_lead,39,60
train,synth_lead,40,64
train,synth_lead,41,61
train,synth_lead,42,63
train,synth_lead,43,61
train,synth_lead,44,61
train,synth_lead,45,64
train,synth_lead,46,63
train,synth_lead,47,63
train,synth_lead,48,63
train,synth_lead,49,63
train,synth_lead,50,60
train,synth_lead,51,61
train,synth_lead,52,63
train,synth_lead,53,62
train,synth_lead,54,64
train,synth_lead,55,63
train,synth_lead,56,64
train,synth_lead,57,62
train,synth_lead,58,62
train,synth_lead,59,62
train,synth_lead,60,61
train,synth_lead,61,63
train,synth_lead,62,63
train,synth_lead,63,62
train,synth_lead,64,63
train,synth_lead,65,62
train,synth_lead,66,62
train,synth_lead,67,63
train,synth_lead,68,62
train,synth_lead,69,62
train,synth_lead,70,63
train,synth_lead,71,64
train,synth_lead,72,63
train,synth_lead,73,63
train,synth_lead,74,64
train,synth_lead,75,63
train,synth_lead,76,61
train,synth_lead,77,63
train,synth_lead,78,62
train,synth_lead,79,63
train,synth_lead,80,62
train,synth_lead,81,63
train,synth_lead,82,65
train,synth_lead,83,62
train,synth_lead,84,61
train,synth_lead,85,63
train,synth_lead,86,61
train,synth_lead,87,60
train,synth_lead,88,63
train,synth_lead,89,62
train,synth_lead,90,64
train,synth_lead,91,63
train,synth_lead,92,65
train,synth_lead,93,64
train,synth_lead,94,63
train,synth_lead,95,63
train,synth_lead,96,62
train,synth_lead,97,41
train,synth_lead,98,43
train,synth_lead,99,43
train,synth_lead,100,44
train,synth_lead,101,43
train,synth_lead,102,43
train,synth_lead,103,42
train,synth_lead,104,45
train,synth_lead,105,42
train,synth_lead,106,41
train,synth_lead,107,42
train,synth_lead,108,44
train,synth_lead,109,3
train,synth_lead,110,3
train,synth_lead,111,1
train,synth_lead,112,2
train,synth_lead,113,3
train,synth_lead,114,2
train,synth_lead,115,5
train,synth_lead,116,2
train,synth_lead,117,2
train,synth_lead,118,1
train,synth_lead,119,2
train,synth_lead,120,1
train,vocal,9,10
train,vocal,10,10
train,vocal,11,10
train,vocal,12,10
train,vocal,13,10
train,vocal,14,10
train,vocal,15,10
train,vocal,16,10
train,vocal,17,10
train,vocal,18,10
train,vocal,19,10
train,vocal,20,10
train,vocal,21,71
train,vocal,22,71
train,vocal,23,71
train,vocal,24,71
train,vocal,25,71
train,vocal,26,71
train,vocal,27,71
train,vocal,28,71
train,vocal,29,71
train,vocal,30,71
train,vocal,31,71
train,vocal,32,71
train,vocal,33,71
train,vocal,34,71
train,vocal,35,71
train,vocal,36,71
train,vocal,37,71
train,vocal,38,131
train,vocal,39,131
train,vocal,40,131
train,vocal,41,131
train,vocal,42,131
train,vocal,43,132
train,vocal,44,132
train,vocal,45,132
train,vocal,46,132
train,vocal,47,132
train,vocal,48,132
train,vocal,49,132
train,vocal,50,157
train,vocal,51,157
train,vocal,52,187
train,vocal,53,187
train,vocal,54,187
train,vocal,55,190
train,vocal,56,190
train,vocal,57,190
train,vocal,58,165
train,vocal,59,160
train,vocal,60,190
train,vocal,61,190
train,vocal,62,190
train,vocal,63,190
train,vocal,64,190
train,vocal,65,190
train,vocal,66,190
train,vocal,67,190
train,vocal,68,185
train,vocal,69,185
train,vocal,70,185
train,vocal,71,165
train,vocal,72,165
train,vocal,73,165
train,vocal,74,165
train,vocal,75,140
train,vocal,76,135
train,vocal,77,135
train,vocal,78,134
train,vocal,79,134
train,vocal,80,134
train,vocal,81,124
train,vocal,82,114
train,vocal,83,74
train,vocal,84,74
train,vocal,85,74
train,vocal,86,74
train,vocal,87,74
train,vocal,88,74
train,vocal,89,74
train,vocal,90,71
train,vocal,91,71
train,vocal,92,71
train,vocal,93,71
train,vocal,94,71
train,vocal,95,71
train,vocal,96,71
train,vocal,97,61
train,vocal,98,61
train,vocal,99,61
train,vocal,100,61
train,vocal,101,61
train,vocal,102,61
train,vocal,103,61
train,vocal,104,61
train,vocal,105,61
train,vocal,106,61
train,vocal,107,61
train,vocal,108,61
valid,bass,9,5
valid,bass,10,4
valid,bass,11,4
valid,bass,12,4
valid,bass,13,3
valid,bass,14,3
valid,bass,15,4
valid,bass,16,5
valid,bass,17,4
valid,bass,18,2
valid,bass,19,4
valid,bass,20,3
valid,bass,21,26
valid,bass,22,38
valid,bass,23,35
valid,bass,24,37
valid,bass,25,39
valid,bass,26,39
valid,bass,27,40
valid,bass,28,37
valid,bass,29,35
valid,bass,30,35
valid,bass,31,38
valid,bass,32,30
valid,bass,33,38
valid,bass,34,39
valid,bass,35,31
valid,bass,36,36
valid,bass,37,35
valid,bass,38,39
valid,bass,39,35
valid,bass,40,25
valid,bass,41,41
valid,bass,42,36
valid,bass,43,38
valid,bass,44,31
valid,bass,45,32
valid,bass,46,41
valid,bass,47,37
valid,bass,48,34
valid,bass,49,36
valid,bass,50,39
valid,bass,51,35
valid,bass,52,35
valid,bass,53,37
valid,bass,54,36
valid,bass,55,34
valid,bass,56,39
valid,bass,57,31
valid,bass,58,33
valid,bass,59,35
valid,bass,60,40
valid,bass,61,33
valid,bass,62,28
valid,bass,63,36
valid,bass,64,25
valid,bass,65,22
valid,bass,66,24
valid,bass,67,25
valid,bass,68,25
valid,bass,69,19
valid,bass,70,26
valid,bass,71,24
valid,bass,72,23
valid,bass,73,24
valid,bass,74,29
valid,bass,75,29
valid,bass,76,26
valid,bass,77,24
valid,bass,78,27
valid,bass,79,27
valid,bass,80,26
valid,bass,81,26
valid,bass,82,27
valid,bass,83,24
valid,bass,84,21
valid,bass,85,25
valid,bass,86,26
valid,bass,87,25
valid,bass,88,24
valid,bass,89,27
valid,bass,90,26
valid,bass,91,21
valid,bass,92,21
valid,bass,93,24
valid,bass,94,29
valid,bass,95,24
valid,bass,96,22
valid,bass,97,23
valid,bass,98,23
valid,bass,99,21
valid,bass,100,20
valid,bass,101,22
valid,bass,102,20
valid,bass,103,24
valid,bass,104,17
valid,bass,105,18
valid,bass,106,17
valid,bass,107,22
valid,bass,108,25
valid,brass,24,5
valid,brass,25,4
valid,brass,26,4
valid,brass,27,3
valid,brass,28,4
valid,brass,29,3
valid,brass,30,2
valid,brass,31,8
valid,brass,32,6
valid,brass,33,9
valid,brass,34,9
valid,brass,35,8
valid,brass,36,7
valid,brass,37,7
valid,brass,38,10
valid,brass,39,7
valid,brass,40,7
valid,brass,41,12
valid,brass,42,11
valid,brass,43,10
valid,brass,44,13
valid,brass,45,10
valid,brass,46,13
valid,brass,47,9
valid,brass,48,12
valid,brass,49,10
valid,brass,50,12
valid,brass,51,10
valid,brass,52,22
valid,brass,53,21
valid,brass,54,22
valid,brass,55,20
valid,brass,56,21
valid,brass,57,21
valid,brass,58,17
valid,brass,59,19
valid,brass,60,18
valid,brass,61,18
valid,brass,62,19
valid,brass,63,21
valid,brass,64,18
valid,brass,65,12
valid,brass,66,14
valid,brass,67,16
valid,brass,68,14
valid,brass,69,16
valid,brass,70,15
valid,brass,71,18
valid,brass,72,15
valid,brass,73,16
valid,brass,74,16
valid,brass,75,16
valid,brass,76,18
valid,brass,77,16
valid,brass,78,14
valid,brass,79,9
valid,brass,80,12
valid,brass,81,13
valid,brass,82,14
valid,brass,83,13
valid,brass,84,10
valid,brass,85,11
valid,brass,86,9
valid,brass,87,12
valid,brass,88,13
valid,brass,89,7
valid,brass,90,5
valid,brass,91,4
valid,brass,92,4
valid,brass,93,3
valid,brass,94,3
valid,brass,95,2
valid,brass,96,2
valid,brass,97,3
valid,brass,98,3
valid,brass,99,4
valid,brass,100,4
valid,brass,101,3
valid,brass,102,5
valid,brass,103,5
valid,brass,104,3
valid,brass,105,3
valid,brass,106,3
valid,brass,107,3
valid,brass,108,3
valid,flute,21,3
valid,flute,22,2
valid,flute,23,3
valid,flute,24,4
valid,flute,25,4
valid,flute,26,3
valid,flute,27,3
valid,flute,28,3
valid,flute,29,3
valid,flute,30,2
valid,flute,31,4
valid,flute,32,5
valid,flute,33,5
valid,flute,34,4
valid,flute,35,4
valid,flute,36,3
valid,flute,37,4
valid,flute,38,5
valid,flute,39,3
valid,flute,40,3
valid,flute,41,2
valid,flute,42,3
valid,flute,43,4
valid,flute,44,5
valid,flute,45,4
valid,flute,46,5
valid,flute,47,4
valid,flute,48,3
valid,flute,49,2
valid,flute,50,3
valid,flute,51,4
valid,flute,52,2
valid,flute,53,3
valid,flute,54,1
valid,flute,55,4
valid,flute,56,5
valid,flute,57,2
valid,flute,58,3
valid,flute,59,5
valid,flute,60,4
valid,flute,61,3
valid,flute,62,3
valid,flute,63,4
valid,flute,64,3
valid,flute,65,5
valid,flute,66,3
valid,flute,67,8
valid,flute,68,7
valid,flute,69,9
valid,flute,70,9
valid,flute,71,8
valid,flute,72,5
valid,flute,73,6
valid,flute,74,9
valid,flute,75,8
valid,flute,76,9
valid,flute,77,6
valid,flute,78,7
valid,flute,79,5
valid,flute,80,8
valid,flute,81,7
valid,flute,82,10
valid,flute,83,7
valid,flute,84,7
valid,flute,85,8
valid,flute,86,6
valid,flute,87,6
valid,flute,88,9
valid,flute,89,10
valid,flute,90,7
valid,flute,91,5
valid,flute,92,7
valid,flute,93,9
valid,flute,94,9
valid,flute,95,7
valid,flute,96,7
valid,flute,97,9
valid,flute,98,4
valid,flute,99,6
valid,flute,100,7
valid,flute,101,6
valid,flute,102,8
valid,flute,103,8
valid,flute,104,8
valid,flute,105,6
valid,flute,106,8
valid,flute,107,8
valid,flute,108,8
valid,guitar,21,21
valid,guitar,22,16
valid,guitar,23,20
valid,guitar,24,18
valid,guitar,25,23
valid,guitar,26,25
valid,guitar,27,26
valid,guitar,28,24
valid,guitar,29,25
valid,guitar,30,28
valid,guitar,31,24
valid,guitar,32,26
valid,guitar,33,25
valid,guitar,34,23
valid,guitar,35,29
valid,guitar,36,25
valid,guitar,37,20
valid,guitar,38,28
valid,guitar,39,27
valid,guitar,40,26
valid,guitar,41,28
valid,guitar,42,23
valid,guitar,43,26
valid,guitar,44,28
valid,guitar,45,26
valid,guitar,46,22
valid,guitar,47,30
valid,guitar,48,24
valid,guitar,49,24
valid,guitar,50,24
valid,guitar,51,20
valid,guitar,52,22
valid,guitar,53,25
valid,guitar,54,22
valid,guitar,55,27
valid,guitar,56,26
valid,guitar,57,22
valid,guitar,58,28
valid,guitar,59,27
valid,guitar,60,24
valid,guitar,61,23
valid,guitar,62,26
valid,guitar,63,23
valid,guitar,64,26
valid,guitar,65,27
valid,guitar,66,26
valid,guitar,67,22
valid,guitar,68,21
valid,guitar,69,27
valid,guitar,70,26
valid,guitar,71,21
valid,guitar,72,23
valid,guitar,73,26
valid,guitar,74,26
valid,guitar,75,27
valid,guitar,76,24
valid,guitar,77,17
valid,guitar,78,32
valid,guitar,79,28
valid,guitar,80,24
valid,guitar,81,26
valid,guitar,82,24
valid,guitar,83,24
valid,guitar,84,22
valid,guitar,85,27
valid,guitar,86,26
valid,guitar,87,23
valid,guitar,88,27
valid,guitar,89,26
valid,guitar,90,17
valid,guitar,91,23
valid,guitar,92,18
valid,guitar,93,23
valid,guitar,94,20
valid,guitar,95,22
valid,guitar,96,17
valid,guitar,97,20
valid,guitar,98,19
valid,guitar,99,16
valid,guitar,100,22
valid,guitar,101,19
valid,guitar,102,18
valid,guitar,103,20
valid,guitar,104,19
valid,guitar,105,25
valid,guitar,106,24
valid,guitar,107,23
valid,guitar,108,19
valid,keyboard,21,18
valid,keyboard,22,18
valid,keyboard,23,24
valid,keyboard,24,27
valid,keyboard,25,22
valid,keyboard,26,22
valid,keyboard,27,21
valid,keyboard,28,20
valid,keyboard,29,24
valid,keyboard,30,31
valid,keyboard,31,25
valid,keyboard,32,33
valid,keyboard,33,28
valid,keyboard,34,33
valid,keyboard,35,35
valid,keyboard,36,28
valid,keyboard,37,32
valid,keyboard,38,33
valid,keyboard,39,24
valid,keyboard,40,30
valid,keyboard,41,33
valid,keyboard,42,34
valid,keyboard,43,33
valid,keyboard,44,30
valid,keyboard,45,30
valid,keyboard,46,32
valid,keyboard,47,32
valid,keyboard,48,26
valid,keyboard,49,33
valid,keyboard,50,33
valid,keyboard,51,30
valid,keyboard,52,28
valid,keyboard,53,29
valid,keyboard,54,29
valid,keyboard,55,35
valid,keyboard,56,32
valid,keyboard,57,30
valid,keyboard,58,29
valid,keyboard,59,30
valid,keyboard,60,34
valid,keyboard,61,27
valid,keyboard,62,27
valid,keyboard,63,25
valid,keyboard,64,31
valid,keyboard,65,30
valid,keyboard,66,31
valid,keyboard,67,32
valid,keyboard,68,32
valid,keyboard,69,29
valid,keyboard,70,31
valid,keyboard,71,30
valid,keyboard,72,24
valid,keyboard,73,27
valid,keyboard,74,29
valid,keyboard,75,29
valid,keyboard,76,32
valid,keyboard,77,31
valid,keyboard,78,33
valid,keyboard,79,32
valid,keyboard,80,30
valid,keyboard,81,28
valid,keyboard,82,24
valid,keyboard,83,30
valid,keyboard,84,32
valid,keyboard,85,31
valid,keyboard,86,24
valid,keyboard,87,28
valid,keyboard,88,28
valid,keyboard,89,29
valid,keyboard,90,21
valid,keyboard,91,25
valid,keyboard,92,25
valid,keyboard,93,20
valid,keyboard,94,25
valid,keyboard,95,25
valid,keyboard,96,26
valid,keyboard,97,20
valid,keyboard,98,21
valid,keyboard,99,21
valid,keyboard,100,20
valid,keyboard,101,21
valid,keyboard,102,18
valid,keyboard,103,19
valid,keyboard,104,20
valid,keyboard,105,20
valid,keyboard,106,22
valid,keyboard,107,20
valid,keyboard,108,19
valid,mallet,21,4
valid,mallet,22,5
valid,mallet,23,5
valid,mallet,24,4
valid,mallet,25,3
valid,mallet,26,3
valid,mallet,27,5
valid,mallet,28,3
valid,mallet,29,4
valid,mallet,30,5
valid,mallet,31,5
valid,mallet,32,4
valid,mallet,33,4
valid,mallet,34,6
valid,mallet,35,5
valid,mallet,36,6
valid,mallet,37,5
valid,mallet,38,8
valid,mallet,39,6
valid,mallet,40,3
valid,mallet,41,6
valid,mallet,42,5
valid,mallet,43,7
valid,mallet,44,4
valid,mallet,45,3
valid,mallet,46,7
valid,mallet,47,7
valid,mallet,48,3
valid,mallet,49,4
valid,mallet,50,5
valid,mallet,51,7
valid,mallet,52,5
valid,mallet,53,7
valid,mallet,54,7
valid,mallet,55,4
valid,mallet,56,6
valid,mallet,57,6
valid,mallet,58,7
valid,mallet,59,6
valid,mallet,60,6
valid,mallet,61,6
valid,mallet,62,6
valid,mallet,63,6
valid,mallet,64,8
valid,mallet,65,8
valid,mallet,66,6
valid,mallet,67,10
valid,mallet,68,10
valid,mallet,69,11
valid,mallet,70,9
valid,mallet,71,10
valid,mallet,72,9
valid,mallet,73,7
valid,mallet,74,9
valid,mallet,75,13
valid,mallet,76,13
valid,mallet,77,9
valid,mallet,78,9
valid,mallet,79,8
valid,mallet,80,10
valid,mallet,81,10
valid,mallet,82,8
valid,mallet,83,10
valid,mallet,84,7
valid,mallet,85,9
valid,mallet,86,7
valid,mallet,87,11
valid,mallet,88,10
valid,mallet,89,11
valid,mallet,90,8
valid,mallet,91,8
valid,mallet,92,11
valid,mallet,93,8
valid,mallet,94,11
valid,mallet,95,9
valid,mallet,96,9
valid,mallet,97,9
valid,mallet,98,10
valid,mallet,99,10
valid,mallet,100,11
valid,mallet,101,8
valid,mallet,102,9
valid,mallet,103,8
valid,mallet,104,9
valid,mallet,105,9
valid,mallet,106,10
valid,mallet,107,8
valid,mallet,108,11
valid,mallet,109,2
valid,mallet,110,1
valid,mallet,111,3
valid,mallet,112,2
valid,mallet,113,1
valid,mallet,114,2
valid,mallet,115,2
valid,mallet,116,3
valid,mallet,117,1
valid,mallet,118,2
valid,mallet,119,1
valid,mallet,120,2
valid,organ,9,3
valid,organ,10,2
valid,organ,11,3
valid,organ,12,4
valid,organ,13,4
valid,organ,14,5
valid,organ,15,5
valid,organ,16,3
valid,organ,17,5
valid,organ,18,4
valid,organ,19,3
valid,organ,20,4
valid,organ,21,9
valid,organ,22,9
valid,organ,23,5
valid,organ,24,17
valid,organ,25,18
valid,organ,26,20
valid,organ,27,22
valid,organ,28,23
valid,organ,29,20
valid,organ,30,19
valid,organ,31,20
valid,organ,32,16
valid,organ,33,19
valid,organ,34,18
valid,organ,35,18
valid,organ,36,22
valid,organ,37,21
valid,organ,38,26
valid,organ,39,25
valid,organ,40,21
valid,organ,41,23
valid,organ,42,25
valid,organ,43,22
valid,organ,44,23
valid,organ,45,21
valid,organ,46,25
valid,organ,47,25
valid,organ,48,22
valid,organ,49,25
valid,organ,50,22
valid,organ,51,24
valid,organ,52,21
valid,organ,53,22
valid,organ,54,26
valid,organ,55,22
valid,organ,56,20
valid,organ,57,24
valid,organ,58,21
valid,organ,59,23
valid,organ,60,19
valid,organ,61,24
valid,organ,62,24
valid,organ,63,24
valid,organ,64,19
valid,organ,65,20
valid,organ,66,26
valid,organ,67,22
valid,organ,68,22
valid,organ,69,23
valid,organ,70,20
valid,organ,71,24
valid,organ,72,21
valid,organ,73,19
valid,organ,74,21
valid,organ,75,26
valid,organ,76,22
valid,organ,77,23
valid,organ,78,24
valid,organ,79,25
valid,organ,80,22
valid,organ,81,24
valid,organ,82,22
valid,organ,83,24
valid,organ,84,22
valid,organ,85,11
valid,organ,86,15
valid,organ,87,12
valid,organ,88,11
valid,organ,89,10
valid,organ,90,10
valid,organ,91,11
valid,organ,92,11
valid,organ,93,12
valid,organ,94,13
valid,organ,95,10
valid,organ,96,12
valid,organ,97,5
valid,organ,98,5
valid,organ,99,4
valid,organ,100,5
valid,organ,101,3
valid,organ,102,3
valid,organ,103,4
valid,organ,104,3
valid,organ,105,5
valid,organ,106,4
valid,organ,107,4
valid,organ,108,4
valid,reed,31,6
valid,reed,32,7
valid,reed,33,5
valid,reed,34,9
valid,reed,35,11
valid,reed,36,11
valid,reed,37,12
valid,reed,38,11
valid,reed,39,8
valid,reed,40,12
valid,reed,41,14
valid,reed,42,11
valid,reed,43,11
valid,reed,44,11
valid,reed,45,13
valid,reed,46,12
valid,reed,47,13
valid,reed,48,13
valid,reed,49,11
valid,reed,50,10
valid,reed,51,14
valid,reed,52,15
valid,reed,53,17
valid,reed,54,15
valid,reed,55,14
valid,reed,56,17
valid,reed,57,12
valid,reed,58,15
valid,reed,59,18
valid,reed,60,12
valid,reed,61,16
valid,reed,62,12
valid,reed,63,18
valid,reed,64,16
valid,reed,65,14
valid,reed,66,16
valid,reed,67,15
valid,reed,68,15
valid,reed,69,13
valid,reed,70,16
valid,reed,71,15
valid,reed,72,14
valid,reed,73,13
valid,reed,74,13
valid,reed,75,14
valid,reed,76,17
valid,reed,77,11
valid,reed,78,8
valid,reed,79,8
valid,reed,80,9
valid,reed,81,8
valid,reed,82,8
valid,reed,83,7
valid,reed,84,7
valid,reed,85,8
valid,reed,86,7
valid,reed,87,5
valid,reed,88,3
valid,reed,89,4
valid,reed,90,3
valid,reed,91,4
valid,reed,92,3
valid,reed,93,4
valid,reed,94,5
valid,reed,95,3
valid,reed,96,5
valid,reed,97,3
valid,string,24,17
valid,string,25,14
valid,string,26,15
valid,string,27,15
valid,string,28,12
valid,string,29,13
valid,string,30,14
valid,string,31,16
valid,string,32,15
valid,string,33,15
valid,string,34,13
valid,string,35,13
valid,string,36,18
valid,string,37,17
valid,string,38,19
valid,string,39,17
valid,string,40,16
valid,string,41,14
valid,string,42,21
valid,string,43,19
valid,string,44,19
valid,string,45,19
valid,string,46,19
valid,string,47,15
valid,string,48,21
valid,string,49,19
valid,string,50,20
valid,string,51,20
valid,string,52,19
valid,string,53,19
valid,string,54,18
valid,string,55,23
valid,string,56,13
valid,string,57,14
valid,string,58,10
valid,string,59,9
valid,string,60,10
valid,string,61,8
valid,string,62,10
valid,string,63,10
valid,string,64,9
valid,string,65,10
valid,string,66,10
valid,string,67,7
valid,string,68,9
valid,string,69,8
valid,string,70,8
valid,string,71,3
valid,string,72,7
valid,string,73,8
valid,string,74,7
valid,string,75,8
valid,string,76,9
valid,string,77,7
valid,string,78,5
valid,string,79,6
valid,string,80,3
valid,string,81,4
valid,string,82,4
valid,string,83,4
valid,string,84,4
valid,string,85,4
valid,string,86,4
valid,string,87,3
valid,string,88,4
valid,string,89,4
valid,string,90,3
valid,string,91,5
valid,string,92,3
valid,string,93,4
valid,string,94,5
valid,string,95,4
valid,string,96,3
valid,vocal,21,5
valid,vocal,22,3
valid,vocal,23,4
valid,vocal,24,4
valid,vocal,25,5
valid,vocal,26,5
valid,vocal,27,2
valid,vocal,28,3
valid,vocal,29,4
valid,vocal,30,4
valid,vocal,31,5
valid,vocal,32,4
valid,vocal,33,3
valid,vocal,34,4
valid,vocal,35,4
valid,vocal,36,2
valid,vocal,37,5
valid,vocal,38,5
valid,vocal,39,4
valid,vocal,40,4
valid,vocal,41,3
valid,vocal,42,3
valid,vocal,43,5
valid,vocal,44,4
valid,vocal,45,3
valid,vocal,46,5
valid,vocal,47,4
valid,vocal,48,4
valid,vocal,49,5
valid,vocal,50,4
valid,vocal,51,8
valid,vocal,52,9
valid,vocal,53,9
valid,vocal,54,8
valid,vocal,55,7
valid,vocal,56,6
valid,vocal,57,6
valid,vocal,58,8
valid,vocal,59,8
valid,vocal,60,7
valid,vocal,61,10
valid,vocal,62,9
valid,vocal,63,7
valid,vocal,64,5
valid,vocal,65,6
valid,vocal,66,8
valid,vocal,67,8
valid,vocal,68,8
valid,vocal,69,9
valid,vocal,70,7
valid,vocal,71,4
valid,vocal,72,4
valid,vocal,73,4
valid,vocal,74,3
valid,vocal,75,4
valid,vocal,76,4
valid,vocal,77,4
valid,vocal,78,3
valid,vocal,79,3
valid,vocal,80,3
valid,vocal,81,4
valid,vocal,82,3
valid,vocal,83,4
valid,vocal,84,4
valid,vocal,85,2
valid,vocal,86,4
valid,vocal,87,4
valid,vocal,88,4
valid,vocal,89,5
valid,vocal,90,3
valid,vocal,91,3
valid,vocal,92,3
valid,vocal,93,4
valid,vocal,94,3
valid,vocal,95,2
valid,vocal,96,2
valid,vocal,97,3
valid,vocal,98,5
valid,vocal,99,4
valid,vocal,100,3
valid,vocal,101,4
valid,vocal,102,5
valid,vocal,103,4
valid,vocal,104,1
valid,vocal,105,2
valid,vocal,106,5
valid,vocal,107,4
valid,vocal,108,2
