split,instrument_family_str,notes,instruments,source_types,pitch_min,pitch_q05,pitch_median,pitch_q95,pitch_max,unique_pitches,velocity_min,velocity_max,unique_velocities
test,bass,843,10,2,10,23.0,56.0,103.0,108,98,25,127,5
test,brass,269,5,1,25,32.0,63.0,98.6,108,80,25,127,5
test,flute,180,2,2,21,25.950000000000003,74.5,105.0,108,78,25,127,5
test,guitar,652,7,2,21,24.0,63.5,102.0,108,88,25,127,5
test,keyboard,766,8,3,21,26.25,63.0,101.0,108,88,25,127,5
test,mallet,202,3,1,21,33.0,77.0,107.0,119,84,25,127,5
test,organ,502,6,1,9,24.0,58.0,92.0,108,92,25,127,5
test,reed,235,4,1,31,33.7,61.0,88.0,97,64,25,127,5
test,string,306,6,1,24,27.0,47.0,82.75,96,70,25,127,5
test,vocal,141,2,2,22,28.0,65.0,104.0,108,74,25,127,5
train,bass,65474,184,3,9,23.0,58.0,103.0,109,101,25,127,5
train,brass,12675,64,2,21,32.0,60.0,84.0,96,76,25,127,5
train,flute,8773,43,3,21,32.0,75.0,102.0,108,88,25,127,5
train,guitar,32690,90,3,9,25.0,63.0,103.0,120,112,25,127,5
train,keyboard,51821,138,3,9,26.0,64.0,102.0,110,102,25,127,5
train,mallet,34201,97,3,9,26.0,66.0,104.0,120,112,25,127,5
train,organ,34477,128,2,9,27.0,58.0,93.0,120,112,25,127,5
train,reed,13911,61,3,21,31.0,64.0,93.0,108,88,25,127,5
train,string,19474,87,2,23,31.0,62.0,92.0,105,83,25,127,5
train,synth_lead,5501,13,1,9,21.0,61.0,103.0,120,112,25,127,5
train,vocal,10208,48,3,9,26.0,62.0,100.0,108,100,25,127,5
valid,bass,2638,10,2,9,23.0,56.0,102.0,108,100,25,127,5
valid,brass,886,5,1,24,33.0,62.5,95.0,108,85,25,127,5
valid,flute,470,2,2,21,28.0,76.0,105.54999999999995,108,88,25,127,5
valid,guitar,2081,7,2,21,26.0,63.0,104.0,108,88,25,127,5
valid,keyboard,2404,8,3,21,26.0,62.0,102.0,108,88,25,127,5
valid,mallet,663,3,1,21,29.0,75.0,107.0,120,100,25,127,5
valid,organ,1598,6,1,9,24.0,57.0,94.0,108,100,25,127,5
valid,reed,720,4,1,31,35.0,60.5,88.0,97,67,25,127,5
valid,string,814,6,1,24,26.0,49.0,86.0,96,73,25,127,5
valid,vocal,404,2,2,21,25.150000000000002,61.0,102.0,108,88,25,127,5
