split,instrument_family_str,instrument_source_str,notes,instruments
test,bass,electronic,160,3
test,bass,synthetic,683,7
test,brass,acoustic,269,5
test,flute,acoustic,55,1
test,flute,synthetic,125,1
test,guitar,acoustic,481,5
test,guitar,electronic,171,2
test,keyboard,acoustic,119,1
test,keyboard,electronic,539,6
test,keyboard,synthetic,108,1
test,mallet,acoustic,202,3
test,organ,electronic,502,6
test,reed,acoustic,235,4
test,string,acoustic,306,6
test,vocal,acoustic,22,1
test,vocal,synthetic,119,1
train,bass,acoustic,200,1
train,bass,electronic,7757,37
train,bass,synthetic,57517,146
train,brass,acoustic,12605,62
train,brass,electronic,70,2
train,flute,acoustic,6362,35
train,flute,electronic,35,1
train,flute,synthetic,2376,7
train,guitar,acoustic,11380,32
train,guitar,electronic,16035,45
train,guitar,synthetic,5275,13
train,keyboard,acoustic,8068,20
train,keyboard,electronic,40355,106
train,keyboard,synthetic,3398,12
train,mallet,acoustic,26857,78
train,mallet,electronic,5581,14
train,mallet,synthetic,1763,5
train,organ,acoustic,176,4
train,organ,electronic,34301,124
train,reed,acoustic,13307,58
train,reed,electronic,76,1
train,reed,synthetic,528,2
train,string,acoustic,19390,85
train,string,electronic,84,2
train,synth_lead,synthetic,5501,13
train,vocal,acoustic,3820,29
train,vocal,electronic,140,4
train,vocal,synthetic,6248,15
valid,bass,electronic,470,3
valid,bass,synthetic,2168,7
valid,brass,acoustic,886,5
valid,flute,acoustic,155,1
valid,flute,synthetic,315,1
valid,guitar,acoustic,1482,5
valid,guitar,electronic,599,2
valid,keyboard,acoustic,321,1
valid,keyboard,electronic,1751,6
valid,keyboard,synthetic,332,1
valid,mallet,acoustic,663,3
valid,organ,electronic,1598,6
valid,reed,acoustic,720,4
valid,string,acoustic,814,6
valid,vocal,acoustic,83,1
valid,vocal,synthetic,321,1
