split,instrument_family_str,velocity,notes
test,bass,25,175
test,bass,50,162
test,bass,75,177
test,bass,100,171
test,bass,127,158
test,brass,25,55
test,brass,50,50
test,brass,75,56
test,brass,100,56
test,brass,127,52
test,flute,25,34
test,flute,50,37
test,flute,75,35
test,flute,100,35
test,flute,127,39
test,guitar,25,127
test,guitar,50,138
test,guitar,75,115
test,guitar,100,144
test,guitar,127,128
test,keyboard,25,156
test,keyboard,50,155
test,keyboard,75,154
test,keyboard,100,159
test,keyboard,127,142
test,mallet,25,38
test,mallet,50,39
test,mallet,75,35
test,mallet,100,50
test,mallet,127,40
test,organ,25,100
test,organ,50,96
test,organ,75,116
test,organ,100,106
test,organ,127,84
test,reed,25,47
test,reed,50,46
test,reed,75,48
test,reed,100,46
test,reed,127,48
test,string,25,63
test,string,50,62
test,string,75,45
test,string,100,70
test,string,127,66
test,vocal,25,26
test,vocal,50,33
test,vocal,75,23
test,vocal,100,25
test,vocal,127,34
train,bass,25,12719
train,bass,50,12840
train,bass,75,12847
train,bass,100,12849
train,bass,127,14219
train,brass,25,2521
train,brass,50,2521
train,brass,75,2521
train,brass,100,2521
train,brass,127,2591
train,flute,25,1706
train,flute,50,1713
train,flute,75,1715
train,flute,100,1714
train,flute,127,1925
train,guitar,25,6515
train,guitar,50,6514
train,guitar,75,6521
train,guitar,100,6541
train,guitar,127,6599
train,keyboard,25,10279
train,keyboard,50,10284
train,keyboard,75,10277
train,keyboard,100,10276
train,keyboard,127,10705
train,mallet,25,6819
train,mallet,50,6821
train,mallet,75,6811
train,mallet,100,6845
train,mallet,127,6905
train,organ,25,6597
train,organ,50,6611
train,organ,75,6610
train,organ,100,6612
train,organ,127,8047
train,reed,25,2751
train,reed,50,2747
train,reed,75,2753
train,reed,100,2747
train,reed,127,2913
train,string,25,3878
train,string,50,3878
train,string,75,3878
train,string,100,3878
train,string,127,3962
train,synth_lead,25,1101
train,synth_lead,50,1105
train,synth_lead,75,1099
train,synth_lead,100,1089
train,synth_lead,127,1107
train,vocal,25,1996
train,vocal,50,1996
train,vocal,75,1996
train,vocal,100,1996
train,vocal,127,2224
valid,bass,25,529
valid,bass,50,533
valid,bass,75,524
valid,bass,100,521
valid,bass,127,531
valid,brass,25,176
valid,brass,50,181
valid,brass,75,175
valid,brass,100,175
valid,brass,127,179
valid,flute,25,96
valid,flute,50,93
valid,flute,75,95
valid,flute,100,95
valid,flute,127,91
valid,guitar,25,426
valid,guitar,50,404
valid,guitar,75,430
valid,guitar,100,401
valid,guitar,127,420
valid,keyboard,25,478
valid,keyboard,50,479
valid,keyboard,75,480
valid,keyboard,100,475
valid,keyboard,127,492
valid,mallet,25,138
valid,mallet,50,134
valid,mallet,75,140
valid,mallet,100,118
valid,mallet,127,133
valid,organ,25,320
valid,organ,50,324
valid,organ,75,304
valid,organ,100,314
valid,organ,127,336
valid,reed,25,144
valid,reed,50,145
valid,reed,75,143
valid,reed,100,145
valid,reed,127,143
valid,string,25,161
valid,string,50,162
valid,string,75,179
valid,string,100,154
valid,string,127,158
valid,vocal,25,83
valid,vocal,50,76
valid,vocal,75,86
valid,vocal,100,84
valid,vocal,127,75
