split,pitch_bin,velocity,notes_per_family,families
train,lower,25,40,6
train,lower,50,40,6
train,lower,75,40,6
train,lower,100,40,6
train,lower,127,40,6
train,middle,25,40,6
train,middle,50,40,6
train,middle,75,40,6
train,middle,100,40,6
train,middle,127,40,6
train,upper,25,40,6
train,upper,50,40,6
train,upper,75,40,6
train,upper,100,40,6
train,upper,127,40,6
valid,lower,25,18,6
valid,lower,50,21,6
valid,lower,75,21,6
valid,lower,100,18,6
valid,lower,127,21,6
valid,middle,25,25,6
valid,middle,50,27,6
valid,middle,75,28,6
valid,middle,100,29,6
valid,middle,127,26,6
valid,upper,25,19,6
valid,upper,50,18,6
valid,upper,75,15,6
valid,upper,100,14,6
valid,upper,127,14,6
test,lower,25,6,6
test,lower,50,6,6
test,lower,75,5,6
test,lower,100,8,6
test,lower,127,6,6
test,middle,25,8,6
test,middle,50,7,6
test,middle,75,8,6
test,middle,100,7,6
test,middle,127,6,6
test,upper,25,4,6
test,upper,50,4,6
test,upper,75,8,6
test,upper,100,8,6
test,upper,127,8,6
