split,pitch_bin,pitch,velocity,notes_per_family,families
train,lower,43,25,8,6
train,lower,43,50,8,6
train,lower,43,75,8,6
train,lower,43,100,8,6
train,lower,43,127,8,6
train,lower,44,25,8,6
train,lower,44,50,8,6
train,lower,44,75,8,6
train,lower,44,100,8,6
train,lower,44,127,8,6
train,lower,45,25,8,6
train,lower,45,50,8,6
train,lower,45,75,8,6
train,lower,45,100,8,6
train,lower,45,127,8,6
train,lower,46,25,8,6
train,lower,46,50,8,6
train,lower,46,75,8,6
train,lower,46,100,8,6
train,lower,46,127,8,6
train,lower,47,25,8,6
train,lower,47,50,8,6
train,lower,47,75,8,6
train,lower,47,100,8,6
train,lower,47,127,8,6
train,lower,48,25,8,6
train,lower,48,50,8,6
train,lower,48,75,8,6
train,lower,48,100,8,6
train,lower,48,127,8,6
train,lower,49,25,8,6
train,lower,49,50,8,6
train,lower,49,75,8,6
train,lower,49,100,8,6
train,lower,49,127,8,6
train,lower,50,25,8,6
train,lower,50,50,8,6
train,lower,50,75,8,6
train,lower,50,100,8,6
train,lower,50,127,8,6
train,lower,51,25,8,6
train,lower,51,50,8,6
train,lower,51,75,8,6
train,lower,51,100,8,6
train,lower,51,127,8,6
train,middle,52,25,8,6
train,middle,52,50,8,6
train,middle,52,75,8,6
train,middle,52,100,8,6
train,middle,52,127,8,6
train,middle,53,25,8,6
train,middle,53,50,8,6
train,middle,53,75,8,6
train,middle,53,100,8,6
train,middle,53,127,8,6
train,middle,54,25,8,6
train,middle,54,50,8,6
train,middle,54,75,8,6
train,middle,54,100,8,6
train,middle,54,127,8,6
train,middle,55,25,8,6
train,middle,55,50,8,6
train,middle,55,75,8,6
train,middle,55,100,8,6
train,middle,55,127,8,6
train,middle,56,25,8,6
train,middle,56,50,8,6
train,middle,56,75,8,6
train,middle,56,100,8,6
train,middle,56,127,8,6
train,middle,57,25,8,6
train,middle,57,50,8,6
train,middle,57,75,8,6
train,middle,57,100,8,6
train,middle,57,127,8,6
train,middle,58,25,8,6
train,middle,58,50,8,6
train,middle,58,75,8,6
train,middle,58,100,8,6
train,middle,58,127,8,6
train,middle,59,25,8,6
train,middle,59,50,8,6
train,middle,59,75,8,6
train,middle,59,100,8,6
train,middle,59,127,8,6
train,middle,60,25,8,6
train,middle,60,50,8,6
train,middle,60,75,8,6
train,middle,60,100,8,6
train,middle,60,127,8,6
train,upper,61,25,8,6
train,upper,61,50,8,6
train,upper,61,75,8,6
train,upper,61,100,8,6
train,upper,61,127,8,6
train,upper,62,25,8,6
train,upper,62,50,8,6
train,upper,62,75,8,6
train,upper,62,100,8,6
train,upper,62,127,8,6
train,upper,63,25,8,6
train,upper,63,50,8,6
train,upper,63,75,8,6
train,upper,63,100,8,6
train,upper,63,127,8,6
train,upper,64,25,8,6
train,upper,64,50,8,6
train,upper,64,75,8,6
train,upper,64,100,8,6
train,upper,64,127,8,6
train,upper,65,25,8,6
train,upper,65,50,8,6
train,upper,65,75,8,6
train,upper,65,100,8,6
train,upper,65,127,8,6
train,upper,66,25,8,6
train,upper,66,50,8,6
train,upper,66,75,8,6
train,upper,66,100,8,6
train,upper,66,127,8,6
train,upper,67,25,8,6
train,upper,67,50,8,6
train,upper,67,75,8,6
train,upper,67,100,8,6
train,upper,67,127,8,6
train,upper,68,25,8,6
train,upper,68,50,8,6
train,upper,68,75,8,6
train,upper,68,100,8,6
train,upper,68,127,8,6
train,upper,69,25,8,6
train,upper,69,50,8,6
train,upper,69,75,8,6
train,upper,69,100,8,6
train,upper,69,127,8,6
valid,lower,43,25,2,6
valid,lower,43,50,2,6
valid,lower,43,75,1,6
valid,lower,43,100,3,6
valid,lower,43,127,2,6
valid,lower,44,25,2,6
valid,lower,44,50,3,6
valid,lower,44,75,3,6
valid,lower,44,100,2,6
valid,lower,44,127,3,6
valid,lower,45,25,3,6
valid,lower,45,50,1,6
valid,lower,45,75,2,6
valid,lower,45,100,2,6
valid,lower,45,127,2,6
valid,lower,46,25,1,6
valid,lower,46,50,3,6
valid,lower,46,75,3,6
valid,lower,46,100,3,6
valid,lower,46,127,3,6
valid,lower,47,25,1,6
valid,lower,47,50,1,6
valid,lower,47,75,3,6
valid,lower,47,100,1,6
valid,lower,47,127,3,6
valid,lower,48,25,2,6
valid,lower,48,50,3,6
valid,lower,48,75,3,6
valid,lower,48,100,2,6
valid,lower,48,127,2,6
valid,lower,49,25,2,6
valid,lower,49,50,2,6
valid,lower,49,75,1,6
valid,lower,49,100,2,6
valid,lower,49,127,3,6
valid,lower,50,25,3,6
valid,lower,50,50,3,6
valid,lower,50,75,3,6
valid,lower,50,100,1,6
valid,lower,50,127,2,6
valid,lower,51,25,2,6
valid,lower,51,50,3,6
valid,lower,51,75,2,6
valid,lower,51,100,2,6
valid,lower,51,127,1,6
valid,middle,52,25,3,6
valid,middle,52,50,4,6
valid,middle,52,75,2,6
valid,middle,52,100,4,6
valid,middle,52,127,2,6
valid,middle,53,25,2,6
valid,middle,53,50,3,6
valid,middle,53,75,4,6
valid,middle,53,100,3,6
valid,middle,53,127,4,6
valid,middle,54,25,3,6
valid,middle,54,50,2,6
valid,middle,54,75,4,6
valid,middle,54,100,2,6
valid,middle,54,127,4,6
valid,middle,55,25,3,6
valid,middle,55,50,2,6
valid,middle,55,75,3,6
valid,middle,55,100,4,6
valid,middle,55,127,4,6
valid,middle,56,25,2,6
valid,middle,56,50,3,6
valid,middle,56,75,2,6
valid,middle,56,100,3,6
valid,middle,56,127,3,6
valid,middle,57,25,2,6
valid,middle,57,50,3,6
valid,middle,57,75,3,6
valid,middle,57,100,3,6
valid,middle,57,127,2,6
valid,middle,58,25,2,6
valid,middle,58,50,2,6
valid,middle,58,75,3,6
valid,middle,58,100,2,6
valid,middle,58,127,1,6
valid,middle,59,25,2,6
valid,middle,59,50,2,6
valid,middle,59,75,1,6
valid,middle,59,100,2,6
valid,middle,59,127,2,6
valid,middle,60,25,2,6
valid,middle,60,50,3,6
valid,middle,60,75,2,6
valid,middle,60,100,2,6
valid,middle,60,127,1,6
valid,upper,61,25,2,6
valid,upper,61,50,2,6
valid,upper,61,75,2,6
valid,upper,61,127,2,6
valid,upper,62,25,3,6
valid,upper,62,50,2,6
valid,upper,62,75,1,6
valid,upper,62,100,3,6
valid,upper,62,127,1,6
valid,upper,63,25,3,6
valid,upper,63,50,2,6
valid,upper,63,75,2,6
valid,upper,63,100,2,6
valid,upper,63,127,1,6
valid,upper,64,25,2,6
valid,upper,64,50,1,6
valid,upper,64,75,1,6
valid,upper,64,100,1,6
valid,upper,64,127,3,6
valid,upper,65,25,3,6
valid,upper,65,50,3,6
valid,upper,65,75,2,6
valid,upper,65,100,1,6
valid,upper,65,127,1,6
valid,upper,66,25,2,6
valid,upper,66,50,2,6
valid,upper,66,75,2,6
valid,upper,66,100,2,6
valid,upper,66,127,2,6
valid,upper,67,25,1,6
valid,upper,67,50,2,6
valid,upper,67,75,1,6
valid,upper,67,100,1,6
valid,upper,67,127,1,6
valid,upper,68,25,2,6
valid,upper,68,50,2,6
valid,upper,68,75,2,6
valid,upper,68,100,1,6
valid,upper,68,127,1,6
valid,upper,69,25,1,6
valid,upper,69,50,2,6
valid,upper,69,75,1,6
valid,upper,69,100,2,6
valid,upper,69,127,2,6
test,lower,45,50,1,6
test,lower,45,100,1,6
test,lower,51,25,1,6
test,lower,51,100,1,6
test,lower,51,127,1,6
test,middle,58,25,1,6
test,middle,58,50,1,6
test,middle,59,25,1,6
test,middle,59,75,1,6
test,middle,59,127,1,6
test,middle,60,75,1,6
test,middle,60,100,1,6
test,upper,61,50,1,6
test,upper,61,100,1,6
test,upper,62,50,1,6
test,upper,62,75,1,6
test,upper,64,25,1,6
test,upper,64,75,1,6
test,upper,65,75,1,6
test,upper,65,100,1,6
