split,instrument_family_str,velocity,notes,source_instruments,family_note_fraction
test,bass,25,175,10,0.20759193357058126
test,bass,50,162,10,0.19217081850533807
test,bass,75,177,10,0.2099644128113879
test,bass,100,171,10,0.20284697508896798
test,bass,127,158,10,0.1874258600237248
test,brass,25,55,5,0.20446096654275092
test,brass,50,50,5,0.18587360594795538
test,brass,75,56,5,0.20817843866171004
test,brass,100,56,5,0.20817843866171004
test,brass,127,52,5,0.19330855018587362
test,flute,25,34,2,0.18888888888888888
test,flute,50,37,2,0.20555555555555555
test,flute,75,35,2,0.19444444444444445
test,flute,100,35,2,0.19444444444444445
test,flute,127,39,2,0.21666666666666667
test,guitar,25,127,7,0.19478527607361965
test,guitar,50,138,7,0.2116564417177914
test,guitar,75,115,7,0.17638036809815952
test,guitar,100,144,7,0.22085889570552147
test,guitar,127,128,7,0.19631901840490798
test,keyboard,25,156,8,0.20365535248041775
test,keyboard,50,155,8,0.20234986945169714
test,keyboard,75,154,8,0.2010443864229765
test,keyboard,100,159,8,0.20757180156657964
test,keyboard,127,142,8,0.185378590078329
test,mallet,25,38,3,0.18811881188118812
test,mallet,50,39,3,0.19306930693069307
test,mallet,75,35,3,0.17326732673267325
test,mallet,100,50,3,0.24752475247524752
test,mallet,127,40,3,0.19801980198019803
test,organ,25,100,6,0.199203187250996
test,organ,50,96,6,0.19123505976095617
test,organ,75,116,6,0.23107569721115537
test,organ,100,106,6,0.21115537848605578
test,organ,127,84,6,0.16733067729083664
test,reed,25,47,4,0.2
test,reed,50,46,4,0.19574468085106383
test,reed,75,48,4,0.20425531914893616
test,reed,100,46,4,0.19574468085106383
test,reed,127,48,4,0.20425531914893616
test,string,25,63,6,0.20588235294117646
test,string,50,62,6,0.20261437908496732
test,string,75,45,6,0.14705882352941177
test,string,100,70,6,0.22875816993464052
test,string,127,66,6,0.21568627450980393
test,vocal,25,26,2,0.18439716312056736
test,vocal,50,33,2,0.23404255319148937
test,vocal,75,23,2,0.16312056737588654
test,vocal,100,25,2,0.1773049645390071
test,vocal,127,34,2,0.24113475177304963
train,bass,25,12719,165,0.1942603170724257
train,bass,50,12840,168,0.19610837889849406
train,bass,75,12847,168,0.19621529156611786
train,bass,100,12849,168,0.19624583804258178
train,bass,127,14219,184,0.2171701744203806
train,brass,25,2521,62,0.19889546351084814
train,brass,50,2521,62,0.19889546351084814
train,brass,75,2521,62,0.19889546351084814
train,brass,100,2521,62,0.19889546351084814
train,brass,127,2591,64,0.20441814595660748
train,flute,25,1706,40,0.19446027584634676
train,flute,50,1713,40,0.19525817850222274
train,flute,75,1715,40,0.19548615068961586
train,flute,100,1714,40,0.1953721645959193
train,flute,127,1925,43,0.21942323036589537
train,guitar,25,6515,89,0.19929642092382993
train,guitar,50,6514,89,0.19926583052921382
train,guitar,75,6521,89,0.19947996329152645
train,guitar,100,6541,89,0.20009177118384827
train,guitar,127,6599,90,0.20186601407158153
train,keyboard,25,10279,133,0.19835587889079717
train,keyboard,50,10284,133,0.19845236487138418
train,keyboard,75,10277,133,0.19831728449856237
train,keyboard,100,10276,133,0.19829798730244497
train,keyboard,127,10705,138,0.20657648443681134
train,mallet,25,6819,96,0.19938013508376948
train,mallet,50,6821,96,0.19943861290605538
train,mallet,75,6811,96,0.19914622379462588
train,mallet,100,6845,96,0.20014034677348616
train,mallet,127,6905,97,0.2018946814420631
train,organ,25,6597,104,0.19134495460741943
train,organ,50,6611,104,0.19175102242074427
train,organ,75,6610,104,0.19172201757693536
train,organ,100,6612,104,0.19178002726455318
train,organ,127,8047,128,0.23340197813034777
train,reed,25,2751,59,0.1977571705844296
train,reed,50,2747,59,0.19746962835166415
train,reed,75,2753,59,0.1979009417008123
train,reed,100,2747,59,0.19746962835166415
train,reed,127,2913,61,0.2094026310114298
train,string,25,3878,85,0.199137311286844
train,string,50,3878,85,0.199137311286844
train,string,75,3878,85,0.199137311286844
train,string,100,3878,85,0.199137311286844
train,string,127,3962,87,0.203450754852624
train,synth_lead,25,1101,13,0.2001454281039811
train,synth_lead,50,1105,13,0.20087256862388655
train,synth_lead,75,1099,13,0.19978185784402835
train,synth_lead,100,1089,13,0.1979640065442647
train,synth_lead,127,1107,13,0.2012361388838393
train,vocal,25,1996,43,0.19553291536050157
train,vocal,50,1996,43,0.19553291536050157
train,vocal,75,1996,43,0.19553291536050157
train,vocal,100,1996,43,0.19553291536050157
train,vocal,127,2224,48,0.21786833855799373
valid,bass,25,529,10,0.20053070507960577
valid,bass,50,533,10,0.2020470053070508
valid,bass,75,524,10,0.19863532979529946
valid,bass,100,521,10,0.1974981046247157
valid,bass,127,531,10,0.2012888551933283
valid,brass,25,176,5,0.1986455981941309
valid,brass,50,181,5,0.20428893905191872
valid,brass,75,175,5,0.19751693002257337
valid,brass,100,175,5,0.19751693002257337
valid,brass,127,179,5,0.2020316027088036
valid,flute,25,96,2,0.20425531914893616
valid,flute,50,93,2,0.19787234042553192
valid,flute,75,95,2,0.20212765957446807
valid,flute,100,95,2,0.20212765957446807
valid,flute,127,91,2,0.19361702127659575
valid,guitar,25,426,7,0.2047092743873138
valid,guitar,50,404,7,0.1941374339259971
valid,guitar,75,430,7,0.20663142719846228
valid,guitar,100,401,7,0.19269581931763574
valid,guitar,127,420,7,0.20182604517059105
valid,keyboard,25,478,8,0.19883527454242927
valid,keyboard,50,479,8,0.1992512479201331
valid,keyboard,75,480,8,0.19966722129783693
valid,keyboard,100,475,8,0.1975873544093178
valid,keyboard,127,492,8,0.20465890183028287
valid,mallet,25,138,3,0.2081447963800905
valid,mallet,50,134,3,0.20211161387631976
valid,mallet,75,140,3,0.21116138763197587
valid,mallet,100,118,3,0.1779788838612368
valid,mallet,127,133,3,0.20060331825037708
valid,organ,25,320,6,0.2002503128911139
valid,organ,50,324,6,0.20275344180225283
valid,organ,75,304,6,0.1902377972465582
valid,organ,100,314,6,0.1964956195244055
valid,organ,127,336,6,0.21026282853566958
valid,reed,25,144,4,0.2
valid,reed,50,145,4,0.2013888888888889
valid,reed,75,143,4,0.1986111111111111
valid,reed,100,145,4,0.2013888888888889
valid,reed,127,143,4,0.1986111111111111
valid,string,25,161,6,0.1977886977886978
valid,string,50,162,6,0.19901719901719903
valid,string,75,179,6,0.2199017199017199
valid,string,100,154,6,0.1891891891891892
valid,string,127,158,6,0.1941031941031941
valid,vocal,25,83,2,0.20544554455445543
valid,vocal,50,76,2,0.18811881188118812
valid,vocal,75,86,2,0.21287128712871287
valid,vocal,100,84,2,0.2079207920792079
valid,vocal,127,75,2,0.18564356435643564
