split,instrument_family_str,notes,source_instruments,source_types,pitches,pitch_min,pitch_max,velocities
test,bass,843,10,2,98,10,108,5
test,brass,269,5,1,80,25,108,5
test,flute,180,2,2,78,21,108,5
test,guitar,652,7,2,88,21,108,5
test,keyboard,766,8,3,88,21,108,5
test,mallet,202,3,1,84,21,119,5
test,organ,502,6,1,92,9,108,5
test,reed,235,4,1,64,31,97,5
test,string,306,6,1,70,24,96,5
test,vocal,141,2,2,74,22,108,5
train,bass,65474,184,3,101,9,109,5
train,brass,12675,64,2,76,21,96,5
train,flute,8773,43,3,88,21,108,5
train,guitar,32690,90,3,112,9,120,5
train,keyboard,51821,138,3,102,9,110,5
train,mallet,34201,97,3,112,9,120,5
train,organ,34477,128,2,112,9,120,5
train,reed,13911,61,3,88,21,108,5
train,string,19474,87,2,83,23,105,5
train,synth_lead,5501,13,1,112,9,120,5
train,vocal,10208,48,3,100,9,108,5
valid,bass,2638,10,2,100,9,108,5
valid,brass,886,5,1,85,24,108,5
valid,flute,470,2,2,88,21,108,5
valid,guitar,2081,7,2,88,21,108,5
valid,keyboard,2404,8,3,88,21,108,5
valid,mallet,663,3,1,100,21,120,5
valid,organ,1598,6,1,100,9,108,5
valid,reed,720,4,1,67,31,97,5
valid,string,814,6,1,73,24,96,5
valid,vocal,404,2,2,88,21,108,5
