split,instrument_family_str,pitch_bin,pitch,notes,source_instruments
test,bass,lower,43,9,6
test,bass,lower,44,15,8
test,bass,lower,45,15,9
test,bass,lower,46,7,5
test,bass,lower,47,11,6
test,bass,lower,48,15,8
test,bass,lower,49,13,8
test,bass,lower,50,8,6
test,bass,lower,51,13,8
test,bass,middle,52,13,8
test,bass,middle,53,10,8
test,bass,middle,54,12,8
test,bass,middle,55,13,9
test,bass,middle,56,8,5
test,bass,middle,57,15,9
test,bass,middle,58,13,7
test,bass,middle,59,12,9
test,bass,middle,60,8,8
test,bass,upper,61,14,9
test,bass,upper,62,19,9
test,bass,upper,63,10,7
test,bass,upper,64,8,5
test,bass,upper,65,11,5
test,bass,upper,66,9,6
test,bass,upper,67,8,6
test,bass,upper,68,8,4
test,bass,upper,69,13,7
test,brass,lower,43,5,2
test,brass,lower,44,2,1
test,brass,lower,45,5,3
test,brass,lower,46,2,2
test,brass,lower,47,6,3
test,brass,lower,48,3,2
test,brass,lower,49,5,3
test,brass,lower,50,3,2
test,brass,lower,51,5,3
test,brass,middle,52,3,2
test,brass,middle,53,4,1
test,brass,middle,54,3,2
test,brass,middle,55,5,4
test,brass,middle,56,4,3
test,brass,middle,57,4,3
test,brass,middle,58,8,4
test,brass,middle,59,6,4
test,brass,middle,60,7,4
test,brass,upper,61,7,4
test,brass,upper,62,6,3
test,brass,upper,63,4,3
test,brass,upper,64,7,5
test,brass,upper,65,8,4
test,brass,upper,66,6,3
test,brass,upper,67,4,3
test,brass,upper,68,6,4
test,brass,upper,69,4,3
test,guitar,lower,43,7,4
test,guitar,lower,44,5,4
test,guitar,lower,45,9,6
test,guitar,lower,46,9,6
test,guitar,lower,47,3,2
test,guitar,lower,48,9,6
test,guitar,lower,49,7,5
test,guitar,lower,50,9,5
test,guitar,lower,51,12,6
test,guitar,middle,52,9,6
test,guitar,middle,53,6,4
test,guitar,middle,54,9,6
test,guitar,middle,55,5,5
test,guitar,middle,56,7,5
test,guitar,middle,57,10,6
test,guitar,middle,58,7,5
test,guitar,middle,59,6,5
test,guitar,middle,60,9,6
test,guitar,upper,61,10,7
test,guitar,upper,62,9,5
test,guitar,upper,63,9,4
test,guitar,upper,64,8,6
test,guitar,upper,65,5,3
test,guitar,upper,66,4,4
test,guitar,upper,67,9,6
test,guitar,upper,68,11,5
test,guitar,upper,69,6,4
test,keyboard,lower,43,7,5
test,keyboard,lower,44,10,6
test,keyboard,lower,45,10,7
test,keyboard,lower,46,8,6
test,keyboard,lower,47,8,5
test,keyboard,lower,48,14,7
test,keyboard,lower,49,7,4
test,keyboard,lower,50,7,5
test,keyboard,lower,51,10,6
test,keyboard,middle,52,12,7
test,keyboard,middle,53,11,6
test,keyboard,middle,54,11,7
test,keyboard,middle,55,5,4
test,keyboard,middle,56,8,6
test,keyboard,middle,57,10,6
test,keyboard,middle,58,11,8
test,keyboard,middle,59,10,7
test,keyboard,middle,60,6,5
test,keyboard,upper,61,13,7
test,keyboard,upper,62,13,7
test,keyboard,upper,63,15,8
test,keyboard,upper,64,9,8
test,keyboard,upper,65,10,6
test,keyboard,upper,66,9,6
test,keyboard,upper,67,8,6
test,keyboard,upper,68,8,6
test,keyboard,upper,69,11,7
test,organ,lower,43,8,5
test,organ,lower,44,7,4
test,organ,lower,45,9,6
test,organ,lower,46,5,4
test,organ,lower,47,5,4
test,organ,lower,48,8,5
test,organ,lower,49,5,4
test,organ,lower,50,8,6
test,organ,lower,51,6,5
test,organ,middle,52,9,5
test,organ,middle,53,8,5
test,organ,middle,54,4,4
test,organ,middle,55,8,5
test,organ,middle,56,10,4
test,organ,middle,57,6,4
test,organ,middle,58,9,6
test,organ,middle,59,7,5
test,organ,middle,60,11,6
test,organ,upper,61,6,4
test,organ,upper,62,6,3
test,organ,upper,63,6,5
test,organ,upper,64,11,6
test,organ,upper,65,10,6
test,organ,upper,66,4,3
test,organ,upper,67,8,5
test,organ,upper,68,8,5
test,organ,upper,69,7,5
test,string,lower,43,6,4
test,string,lower,44,6,3
test,string,lower,45,6,4
test,string,lower,46,6,5
test,string,lower,47,10,5
test,string,lower,48,4,3
test,string,lower,49,6,4
test,string,lower,50,5,4
test,string,lower,51,5,5
test,string,middle,52,6,4
test,string,middle,53,6,5
test,string,middle,54,7,5
test,string,middle,55,7,5
test,string,middle,56,2,1
test,string,middle,57,1,1
test,string,middle,58,5,3
test,string,middle,59,6,3
test,string,middle,60,5,3
test,string,upper,61,7,3
test,string,upper,62,5,3
test,string,upper,63,5,3
test,string,upper,64,6,3
test,string,upper,65,5,3
test,string,upper,67,3,2
test,string,upper,68,1,1
test,string,upper,69,2,2
train,bass,lower,43,845,183
train,bass,lower,44,846,183
train,bass,lower,45,846,183
train,bass,lower,46,846,183
train,bass,lower,47,845,183
train,bass,lower,48,843,182
train,bass,lower,49,846,183
train,bass,lower,50,845,183
train,bass,lower,51,846,183
train,bass,middle,52,851,184
train,bass,middle,53,850,184
train,bass,middle,54,850,184
train,bass,middle,55,848,183
train,bass,middle,56,849,184
train,bass,middle,57,849,184
train,bass,middle,58,849,184
train,bass,middle,59,851,184
train,bass,middle,60,851,184
train,bass,upper,61,851,184
train,bass,upper,62,853,184
train,bass,upper,63,852,184
train,bass,upper,64,716,158
train,bass,upper,65,683,150
train,bass,upper,66,681,149
train,bass,upper,67,684,150
train,bass,upper,68,667,147
train,bass,upper,69,666,146
train,brass,lower,43,186,38
train,brass,lower,44,191,39
train,brass,lower,45,191,39
train,brass,lower,46,191,39
train,brass,lower,47,191,39
train,brass,lower,48,196,40
train,brass,lower,49,196,40
train,brass,lower,50,196,40
train,brass,lower,51,196,40
train,brass,middle,52,306,62
train,brass,middle,53,306,62
train,brass,middle,54,311,63
train,brass,middle,55,312,64
train,brass,middle,56,312,64
train,brass,middle,57,312,64
train,brass,middle,58,312,64
train,brass,middle,59,312,64
train,brass,middle,60,312,64
train,brass,upper,61,312,64
train,brass,upper,62,312,64
train,brass,upper,63,312,64
train,brass,upper,64,312,64
train,brass,upper,65,272,56
train,brass,upper,66,257,53
train,brass,upper,67,257,53
train,brass,upper,68,252,52
train,brass,upper,69,252,52
train,guitar,lower,43,400,82
train,guitar,lower,44,418,86
train,guitar,lower,45,401,82
train,guitar,lower,46,417,86
train,guitar,lower,47,405,83
train,guitar,lower,48,425,87
train,guitar,lower,49,423,87
train,guitar,lower,50,423,87
train,guitar,lower,51,422,87
train,guitar,middle,52,422,87
train,guitar,middle,53,421,86
train,guitar,middle,54,423,87
train,guitar,middle,55,430,88
train,guitar,middle,56,428,88
train,guitar,middle,57,430,88
train,guitar,middle,58,427,87
train,guitar,middle,59,429,88
train,guitar,middle,60,431,89
train,guitar,upper,61,429,88
train,guitar,upper,62,425,89
train,guitar,upper,63,434,90
train,guitar,upper,64,431,90
train,guitar,upper,65,436,90
train,guitar,upper,66,433,90
train,guitar,upper,67,435,90
train,guitar,upper,68,430,90
train,guitar,upper,69,434,90
train,keyboard,lower,43,636,132
train,keyboard,lower,44,637,132
train,keyboard,lower,45,637,132
train,keyboard,lower,46,637,132
train,keyboard,lower,47,635,131
train,keyboard,lower,48,656,137
train,keyboard,lower,49,654,137
train,keyboard,lower,50,653,137
train,keyboard,lower,51,660,137
train,keyboard,middle,52,654,137
train,keyboard,middle,53,654,137
train,keyboard,middle,54,656,137
train,keyboard,middle,55,658,137
train,keyboard,middle,56,653,136
train,keyboard,middle,57,652,137
train,keyboard,middle,58,650,136
train,keyboard,middle,59,651,136
train,keyboard,middle,60,659,138
train,keyboard,upper,61,658,138
train,keyboard,upper,62,661,138
train,keyboard,upper,63,658,138
train,keyboard,upper,64,654,136
train,keyboard,upper,65,657,138
train,keyboard,upper,66,651,137
train,keyboard,upper,67,657,138
train,keyboard,upper,68,656,138
train,keyboard,upper,69,653,138
train,organ,lower,43,523,127
train,organ,lower,44,527,127
train,organ,lower,45,528,127
train,organ,lower,46,526,127
train,organ,lower,47,526,127
train,organ,lower,48,516,124
train,organ,lower,49,516,124
train,organ,lower,50,524,125
train,organ,lower,51,517,124
train,organ,middle,52,522,125
train,organ,middle,53,520,125
train,organ,middle,54,520,123
train,organ,middle,55,523,123
train,organ,middle,56,521,123
train,organ,middle,57,519,123
train,organ,middle,58,520,123
train,organ,middle,59,515,123
train,organ,middle,60,521,124
train,organ,upper,61,522,123
train,organ,upper,62,524,124
train,organ,upper,63,521,124
train,organ,upper,64,519,123
train,organ,upper,65,520,124
train,organ,upper,66,525,124
train,organ,upper,67,520,124
train,organ,upper,68,520,124
train,organ,upper,69,522,124
train,string,lower,43,235,47
train,string,lower,44,235,47
train,string,lower,45,235,47
train,string,lower,46,235,47
train,string,lower,47,235,47
train,string,lower,48,336,68
train,string,lower,49,326,66
train,string,lower,50,336,68
train,string,lower,51,326,66
train,string,middle,52,336,68
train,string,middle,53,336,68
train,string,middle,54,321,65
train,string,middle,55,422,86
train,string,middle,56,387,79
train,string,middle,57,397,81
train,string,middle,58,387,79
train,string,middle,59,397,81
train,string,middle,60,397,81
train,string,upper,61,387,79
train,string,upper,62,397,81
train,string,upper,63,382,78
train,string,upper,64,392,80
train,string,upper,65,392,80
train,string,upper,66,367,75
train,string,upper,67,377,77
train,string,upper,68,342,70
train,string,upper,69,352,72
valid,bass,lower,43,38,10
valid,bass,lower,44,31,10
valid,bass,lower,45,32,10
valid,bass,lower,46,41,10
valid,bass,lower,47,37,10
valid,bass,lower,48,34,10
valid,bass,lower,49,36,10
valid,bass,lower,50,39,10
valid,bass,lower,51,35,10
valid,bass,middle,52,35,10
valid,bass,middle,53,37,10
valid,bass,middle,54,36,10
valid,bass,middle,55,34,10
valid,bass,middle,56,39,10
valid,bass,middle,57,31,10
valid,bass,middle,58,33,9
valid,bass,middle,59,35,10
valid,bass,middle,60,40,10
valid,bass,upper,61,33,10
valid,bass,upper,62,28,9
valid,bass,upper,63,36,10
valid,bass,upper,64,25,7
valid,bass,upper,65,22,7
valid,bass,upper,66,24,7
valid,bass,upper,67,25,7
valid,bass,upper,68,25,7
valid,bass,upper,69,19,7
valid,brass,lower,43,10,3
valid,brass,lower,44,13,3
valid,brass,lower,45,10,3
valid,brass,lower,46,13,3
valid,brass,lower,47,9,3
valid,brass,lower,48,12,3
valid,brass,lower,49,10,3
valid,brass,lower,50,12,3
valid,brass,lower,51,10,3
valid,brass,middle,52,22,5
valid,brass,middle,53,21,5
valid,brass,middle,54,22,5
valid,brass,middle,55,20,5
valid,brass,middle,56,21,5
valid,brass,middle,57,21,5
valid,brass,middle,58,17,5
valid,brass,middle,59,19,5
valid,brass,middle,60,18,5
valid,brass,upper,61,18,5
valid,brass,upper,62,19,5
valid,brass,upper,63,21,5
valid,brass,upper,64,18,5
valid,brass,upper,65,12,4
valid,brass,upper,66,14,4
valid,brass,upper,67,16,4
valid,brass,upper,68,14,4
valid,brass,upper,69,16,4
valid,guitar,lower,43,26,7
valid,guitar,lower,44,28,7
valid,guitar,lower,45,26,7
valid,guitar,lower,46,22,7
valid,guitar,lower,47,30,7
valid,guitar,lower,48,24,7
valid,guitar,lower,49,24,6
valid,guitar,lower,50,24,7
valid,guitar,lower,51,20,7
valid,guitar,middle,52,22,7
valid,guitar,middle,53,25,7
valid,guitar,middle,54,22,6
valid,guitar,middle,55,27,7
valid,guitar,middle,56,26,7
valid,guitar,middle,57,22,7
valid,guitar,middle,58,28,7
valid,guitar,middle,59,27,7
valid,guitar,middle,60,24,7
valid,guitar,upper,61,23,7
valid,guitar,upper,62,26,7
valid,guitar,upper,63,23,7
valid,guitar,upper,64,26,7
valid,guitar,upper,65,27,7
valid,guitar,upper,66,26,6
valid,guitar,upper,67,22,7
valid,guitar,upper,68,21,7
valid,guitar,upper,69,27,7
valid,keyboard,lower,43,33,8
valid,keyboard,lower,44,30,8
valid,keyboard,lower,45,30,8
valid,keyboard,lower,46,32,8
valid,keyboard,lower,47,32,8
valid,keyboard,lower,48,26,8
valid,keyboard,lower,49,33,8
valid,keyboard,lower,50,33,8
valid,keyboard,lower,51,30,8
valid,keyboard,middle,52,28,8
valid,keyboard,middle,53,29,8
valid,keyboard,middle,54,29,8
valid,keyboard,middle,55,35,8
valid,keyboard,middle,56,32,8
valid,keyboard,middle,57,30,8
valid,keyboard,middle,58,29,8
valid,keyboard,middle,59,30,8
valid,keyboard,middle,60,34,8
valid,keyboard,upper,61,27,8
valid,keyboard,upper,62,27,8
valid,keyboard,upper,63,25,8
valid,keyboard,upper,64,31,8
valid,keyboard,upper,65,30,8
valid,keyboard,upper,66,31,8
valid,keyboard,upper,67,32,8
valid,keyboard,upper,68,32,8
valid,keyboard,upper,69,29,8
valid,organ,lower,43,22,6
valid,organ,lower,44,23,6
valid,organ,lower,45,21,6
valid,organ,lower,46,25,6
valid,organ,lower,47,25,6
valid,organ,lower,48,22,6
valid,organ,lower,49,25,6
valid,organ,lower,50,22,6
valid,organ,lower,51,24,6
valid,organ,middle,52,21,6
valid,organ,middle,53,22,6
valid,organ,middle,54,26,6
valid,organ,middle,55,22,6
valid,organ,middle,56,20,6
valid,organ,middle,57,24,6
valid,organ,middle,58,21,6
valid,organ,middle,59,23,6
valid,organ,middle,60,19,6
valid,organ,upper,61,24,6
valid,organ,upper,62,24,6
valid,organ,upper,63,24,6
valid,organ,upper,64,19,6
valid,organ,upper,65,20,6
valid,organ,upper,66,26,6
valid,organ,upper,67,22,6
valid,organ,upper,68,22,6
valid,organ,upper,69,23,6
valid,string,lower,43,19,5
valid,string,lower,44,19,5
valid,string,lower,45,19,5
valid,string,lower,46,19,5
valid,string,lower,47,15,5
valid,string,lower,48,21,5
valid,string,lower,49,19,5
valid,string,lower,50,20,5
valid,string,lower,51,20,5
valid,string,middle,52,19,5
valid,string,middle,53,19,5
valid,string,middle,54,18,5
valid,string,middle,55,23,6
valid,string,middle,56,13,3
valid,string,middle,57,14,3
valid,string,middle,58,10,3
valid,string,middle,59,9,3
valid,string,middle,60,10,3
valid,string,upper,61,8,3
valid,string,upper,62,10,3
valid,string,upper,63,10,3
valid,string,upper,64,9,3
valid,string,upper,65,10,3
valid,string,upper,66,10,2
valid,string,upper,67,7,2
valid,string,upper,68,9,2
valid,string,upper,69,8,2
