split,instrument_family_str,pitch_bin,notes,source_instruments,pitches,velocities
test,bass,lower,106,10,9,5
test,bass,middle,104,10,9,5
test,bass,upper,100,10,9,5
test,brass,lower,36,3,9,5
test,brass,middle,44,5,9,5
test,brass,upper,52,5,9,5
test,guitar,lower,70,7,9,5
test,guitar,middle,68,7,9,5
test,guitar,upper,71,7,9,5
test,keyboard,lower,81,8,9,5
test,keyboard,middle,84,8,9,5
test,keyboard,upper,96,8,9,5
test,organ,lower,61,6,9,5
test,organ,middle,72,6,9,5
test,organ,upper,66,6,9,5
test,string,lower,54,5,9,5
test,string,middle,45,6,9,5
test,string,upper,34,3,8,5
train,bass,lower,7608,183,9,5
train,bass,middle,7648,184,9,5
train,bass,upper,6653,184,9,5
train,brass,lower,1734,40,9,5
train,brass,middle,2795,64,9,5
train,brass,upper,2538,64,9,5
train,guitar,lower,3734,87,9,5
train,guitar,middle,3841,89,9,5
train,guitar,upper,3887,90,9,5
train,keyboard,lower,5805,137,9,5
train,keyboard,middle,5887,138,9,5
train,keyboard,upper,5905,138,9,5
train,organ,lower,4703,127,9,5
train,organ,middle,4681,126,9,5
train,organ,upper,4693,124,9,5
train,string,lower,2499,68,9,5
train,string,middle,3380,87,9,5
train,string,upper,3388,81,9,5
valid,bass,lower,323,10,9,5
valid,bass,middle,320,10,9,5
valid,bass,upper,237,10,9,5
valid,brass,lower,99,3,9,5
valid,brass,middle,181,5,9,5
valid,brass,upper,148,5,9,5
valid,guitar,lower,224,7,9,5
valid,guitar,middle,223,7,9,5
valid,guitar,upper,221,7,9,5
valid,keyboard,lower,279,8,9,5
valid,keyboard,middle,276,8,9,5
valid,keyboard,upper,264,8,9,5
valid,organ,lower,209,6,9,5
valid,organ,middle,198,6,9,5
valid,organ,upper,204,6,9,5
valid,string,lower,171,5,9,5
valid,string,middle,135,6,9,5
valid,string,upper,81,3,9,5
