split,instrument_family_str,instrument_str,instrument_source_str,notes,pitches,pitch_min,pitch_max,velocities,family_note_fraction
test,bass,bass_electronic_018,electronic,50,32,22,63,5,0.05931198102016608
test,bass,bass_electronic_025,electronic,53,32,22,63,5,0.06287069988137604
test,bass,bass_electronic_027,electronic,57,32,22,62,5,0.06761565836298933
test,bass,bass_synthetic_009,synthetic,119,75,10,96,5,0.14116251482799524
test,bass,bass_synthetic_033,synthetic,105,63,22,108,5,0.12455516014234876
test,bass,bass_synthetic_034,synthetic,55,45,21,105,5,0.06524317912218268
test,bass,bass_synthetic_068,synthetic,108,69,21,108,5,0.12811387900355872
test,bass,bass_synthetic_098,synthetic,92,58,21,106,5,0.10913404507710557
test,bass,bass_synthetic_134,synthetic,97,62,21,108,5,0.11506524317912219
test,bass,bass_synthetic_135,synthetic,107,70,22,108,5,0.1269276393831554
test,brass,brass_acoustic_006,acoustic,84,51,25,88,5,0.31226765799256506
test,brass,brass_acoustic_015,acoustic,42,27,42,77,5,0.15613382899628253
test,brass,brass_acoustic_016,acoustic,39,27,55,89,5,0.1449814126394052
test,brass,brass_acoustic_046,acoustic,72,42,53,108,5,0.26765799256505574
test,brass,brass_acoustic_059,acoustic,32,22,32,64,5,0.11895910780669144
test,flute,flute_acoustic_002,acoustic,55,33,67,107,5,0.3055555555555556
test,flute,flute_synthetic_000,synthetic,125,68,21,108,5,0.6944444444444444
test,guitar,guitar_acoustic_010,acoustic,111,68,21,108,5,0.17024539877300612
test,guitar,guitar_acoustic_014,acoustic,117,71,21,107,5,0.1794478527607362
test,guitar,guitar_acoustic_015,acoustic,101,64,21,108,5,0.1549079754601227
test,guitar,guitar_acoustic_021,acoustic,111,66,22,108,5,0.17024539877300612
test,guitar,guitar_acoustic_030,acoustic,41,34,21,105,5,0.06288343558282208
test,guitar,guitar_electronic_022,electronic,74,52,24,89,5,0.11349693251533742
test,guitar,guitar_electronic_028,electronic,97,64,21,108,5,0.14877300613496933
test,keyboard,keyboard_acoustic_004,acoustic,119,69,22,107,5,0.15535248041775457
test,keyboard,keyboard_electronic_001,electronic,96,65,21,108,5,0.12532637075718014
test,keyboard,keyboard_electronic_002,electronic,107,63,21,108,5,0.13968668407310705
test,keyboard,keyboard_electronic_003,electronic,91,56,25,96,5,0.11879895561357702
test,keyboard,keyboard_electronic_069,electronic,65,40,31,89,5,0.08485639686684072
test,keyboard,keyboard_electronic_078,electronic,81,48,29,88,5,0.10574412532637076
test,keyboard,keyboard_electronic_098,electronic,99,66,21,108,5,0.12924281984334204
test,keyboard,keyboard_synthetic_000,synthetic,108,71,21,108,5,0.1409921671018277
test,mallet,mallet_acoustic_047,acoustic,51,32,65,108,5,0.2524752475247525
test,mallet,mallet_acoustic_056,acoustic,43,36,33,119,5,0.21287128712871287
test,mallet,mallet_acoustic_062,acoustic,108,66,21,108,5,0.5346534653465347
test,organ,organ_electronic_001,electronic,72,48,36,96,5,0.14342629482071714
test,organ,organ_electronic_007,electronic,108,66,9,95,5,0.2151394422310757
test,organ,organ_electronic_028,electronic,111,68,23,108,5,0.22111553784860558
test,organ,organ_electronic_057,electronic,72,46,24,82,5,0.14342629482071714
test,organ,organ_electronic_104,electronic,71,46,24,82,5,0.14143426294820718
test,organ,organ_electronic_113,electronic,68,45,25,84,5,0.13545816733067728
test,reed,reed_acoustic_011,acoustic,57,38,35,77,5,0.2425531914893617
test,reed,reed_acoustic_018,acoustic,47,29,52,86,5,0.2
test,reed,reed_acoustic_023,acoustic,73,50,31,97,5,0.31063829787234043
test,reed,reed_acoustic_037,acoustic,58,34,31,75,5,0.24680851063829787
test,string,string_acoustic_012,acoustic,46,28,25,55,5,0.1503267973856209
test,string,string_acoustic_014,acoustic,58,35,24,65,5,0.1895424836601307
test,string,string_acoustic_056,acoustic,62,36,36,79,5,0.20261437908496732
test,string,string_acoustic_057,acoustic,56,36,55,96,5,0.1830065359477124
test,string,string_acoustic_071,acoustic,43,27,24,55,5,0.14052287581699346
test,string,string_acoustic_080,acoustic,41,26,24,54,5,0.13398692810457516
test,vocal,vocal_acoustic_000,acoustic,22,16,50,70,5,0.15602836879432624
test,vocal,vocal_synthetic_003,synthetic,119,71,22,108,5,0.8439716312056738
train,bass,bass_acoustic_000,acoustic,200,40,24,63,5,0.0030546476463939884
train,bass,bass_electronic_000,electronic,210,42,22,63,5,0.003207380028713688
train,bass,bass_electronic_001,electronic,210,42,22,63,5,0.003207380028713688
train,bass,bass_electronic_002,electronic,210,42,22,63,5,0.003207380028713688
train,bass,bass_electronic_003,electronic,210,42,22,63,5,0.003207380028713688
train,bass,bass_electronic_004,electronic,210,42,22,63,5,0.003207380028713688
train,bass,bass_electronic_005,electronic,210,42,22,63,5,0.003207380028713688
train,bass,bass_electronic_006,electronic,210,42,22,63,5,0.003207380028713688
train,bass,bass_electronic_007,electronic,210,42,22,63,5,0.003207380028713688
train,bass,bass_electronic_008,electronic,210,42,22,63,5,0.003207380028713688
train,bass,bass_electronic_009,electronic,210,42,22,63,5,0.003207380028713688
train,bass,bass_electronic_010,electronic,210,42,22,63,5,0.003207380028713688
train,bass,bass_electronic_011,electronic,225,45,23,67,5,0.003436478602193237
train,bass,bass_electronic_012,electronic,215,43,22,64,5,0.0032837462198735375
train,bass,bass_electronic_013,electronic,225,45,23,67,5,0.003436478602193237
train,bass,bass_electronic_014,electronic,210,42,22,63,5,0.003207380028713688
train,bass,bass_electronic_015,electronic,260,52,16,70,5,0.003971041940312185
train,bass,bass_electronic_016,electronic,210,42,22,63,5,0.003207380028713688
train,bass,bass_electronic_017,electronic,205,41,23,63,5,0.003131013837553838
train,bass,bass_electronic_019,electronic,215,43,22,64,5,0.0032837462198735375
train,bass,bass_electronic_020,electronic,172,43,22,64,4,0.00262699697589883
train,bass,bass_electronic_021,electronic,210,42,22,63,5,0.003207380028713688
train,bass,bass_electronic_022,electronic,215,43,22,64,5,0.0032837462198735375
train,bass,bass_electronic_023,electronic,210,42,22,63,5,0.003207380028713688
train,bass,bass_electronic_024,electronic,210,42,22,63,5,0.003207380028713688
train,bass,bass_electronic_026,electronic,210,42,22,63,5,0.003207380028713688
train,bass,bass_electronic_028,electronic,210,42,22,63,5,0.003207380028713688
train,bass,bass_electronic_029,electronic,211,43,22,64,5,0.0032226532669456577
train,bass,bass_electronic_030,electronic,225,45,23,67,5,0.003436478602193237
train,bass,bass_electronic_031,electronic,210,42,23,64,5,0.003207380028713688
train,bass,bass_electronic_032,electronic,210,42,22,63,5,0.003207380028713688
train,bass,bass_electronic_033,electronic,210,42,22,63,5,0.003207380028713688
train,bass,bass_electronic_034,electronic,210,42,22,63,5,0.003207380028713688
train,bass,bass_electronic_035,electronic,172,43,22,64,4,0.00262699697589883
train,bass,bass_electronic_036,electronic,210,42,22,63,5,0.003207380028713688
train,bass,bass_electronic_037,electronic,210,42,22,63,5,0.003207380028713688
train,bass,bass_electronic_038,electronic,172,43,22,64,4,0.00262699697589883
train,bass,bass_electronic_039,electronic,205,41,23,63,5,0.003131013837553838
train,bass,bass_synthetic_000,synthetic,440,88,21,108,5,0.006720224822066774
train,bass,bass_synthetic_001,synthetic,440,88,9,96,5,0.006720224822066774
train,bass,bass_synthetic_002,synthetic,440,88,21,108,5,0.006720224822066774
train,bass,bass_synthetic_003,synthetic,440,88,21,108,5,0.006720224822066774
train,bass,bass_synthetic_004,synthetic,440,88,9,96,5,0.006720224822066774
train,bass,bass_synthetic_005,synthetic,440,88,21,108,5,0.006720224822066774
train,bass,bass_synthetic_006,synthetic,440,88,9,96,5,0.006720224822066774
train,bass,bass_synthetic_007,synthetic,440,88,21,108,5,0.006720224822066774
train,bass,bass_synthetic_008,synthetic,440,88,21,108,5,0.006720224822066774
train,bass,bass_synthetic_010,synthetic,440,88,21,108,5,0.006720224822066774
train,bass,bass_synthetic_011,synthetic,440,88,21,108,5,0.006720224822066774
train,bass,bass_synthetic_012,synthetic,440,88,21,108,5,0.006720224822066774
train,bass,bass_synthetic_013,synthetic,440,88,21,108,5,0.006720224822066774
train,bass,bass_synthetic_014,synthetic,440,88,9,96,5,0.006720224822066774
train,bass,bass_synthetic_015,synthetic,440,88,21,108,5,0.006720224822066774
train,bass,bass_synthetic_016,synthetic,88,88,21,108,1,0.001344044964413355
train,bass,bass_synthetic_017,synthetic,440,88,21,108,5,0.006720224822066774
train,bass,bass_synthetic_018,synthetic,440,88,21,108,5,0.006720224822066774
train,bass,bass_synthetic_019,synthetic,440,88,22,109,5,0.006720224822066774
train,bass,bass_synthetic_020,synthetic,440,88,21,108,5,0.006720224822066774
train,bass,bass_synthetic_021,synthetic,432,87,21,107,5,0.006598038916211015
train,bass,bass_synthetic_022,synthetic,440,88,21,108,5,0.006720224822066774
train,bass,bass_synthetic_023,synthetic,440,88,21,108,5,0.006720224822066774
train,bass,bass_synthetic_024,synthetic,440,88,21,108,5,0.006720224822066774
train,bass,bass_synthetic_025,synthetic,440,88,21,108,5,0.006720224822066774
train,bass,bass_synthetic_026,synthetic,440,88,9,96,5,0.006720224822066774
train,bass,bass_synthetic_027,synthetic,440,88,21,108,5,0.006720224822066774
train,bass,bass_synthetic_028,synthetic,440,88,21,108,5,0.006720224822066774
train,bass,bass_synthetic_029,synthetic,440,88,21,108,5,0.006720224822066774
train,bass,bass_synthetic_030,synthetic,440,88,21,108,5,0.006720224822066774
train,bass,bass_synthetic_031,synthetic,440,88,21,108,5,0.006720224822066774
train,bass,bass_synthetic_032,synthetic,440,88,21,108,5,0.006720224822066774
train,bass,bass_synthetic_035,synthetic,440,88,21,108,5,0.006720224822066774
train,bass,bass_synthetic_036,synthetic,440,88,21,108,5,0.006720224822066774
train,bass,bass_synthetic_037,synthetic,440,88,21,108,5,0.006720224822066774
train,bass,bass_synthetic_038,synthetic,415,83,21,103,5,0.006338393866267526
train,bass,bass_synthetic_039,synthetic,440,88,9,96,5,0.006720224822066774
train,bass,bass_synthetic_040,synthetic,440,88,21,108,5,0.006720224822066774
train,bass,bass_synthetic_041,synthetic,440,88,21,108,5,0.006720224822066774
train,bass,bass_synthetic_042,synthetic,440,88,21,108,5,0.006720224822066774
train,bass,bass_synthetic_043,synthetic,440,88,21,108,5,0.006720224822066774
train,bass,bass_synthetic_044,synthetic,440,88,21,108,5,0.006720224822066774
train,bass,bass_synthetic_045,synthetic,440,88,21,108,5,0.006720224822066774
train,bass,bass_synthetic_046,synthetic,440,88,21,108,5,0.006720224822066774
train,bass,bass_synthetic_047,synthetic,88,88,21,108,1,0.001344044964413355
train,bass,bass_synthetic_048,synthetic,440,88,21,108,5,0.006720224822066774
train,bass,bass_synthetic_049,synthetic,88,88,21,108,1,0.001344044964413355
train,bass,bass_synthetic_050,synthetic,201,83,21,108,5,0.0030699208846259583
train,bass,bass_synthetic_051,synthetic,440,88,21,108,5,0.006720224822066774
train,bass,bass_synthetic_052,synthetic,440,88,21,108,5,0.006720224822066774
train,bass,bass_synthetic_053,synthetic,432,88,21,108,5,0.006598038916211015
train,bass,bass_synthetic_054,synthetic,440,88,21,108,5,0.006720224822066774
train,bass,bass_synthetic_055,synthetic,440,88,21,108,5,0.006720224822066774
train,bass,bass_synthetic_056,synthetic,440,88,21,108,5,0.006720224822066774
train,bass,bass_synthetic_057,synthetic,440,88,21,108,5,0.006720224822066774
train,bass,bass_synthetic_058,synthetic,440,88,21,108,5,0.006720224822066774
train,bass,bass_synthetic_059,synthetic,275,55,21,75,5,0.004200140513791734
train,bass,bass_synthetic_060,synthetic,440,88,21,108,5,0.006720224822066774
train,bass,bass_synthetic_061,synthetic,440,88,21,108,5,0.006720224822066774
train,bass,bass_synthetic_062,synthetic,440,88,9,96,5,0.006720224822066774
train,bass,bass_synthetic_063,synthetic,440,88,21,108,5,0.006720224822066774
train,bass,bass_synthetic_064,synthetic,440,88,9,96,5,0.006720224822066774
train,bass,bass_synthetic_065,synthetic,440,88,9,96,5,0.006720224822066774
train,bass,bass_synthetic_066,synthetic,440,88,21,108,5,0.006720224822066774
train,bass,bass_synthetic_067,synthetic,440,88,21,108,5,0.006720224822066774
train,bass,bass_synthetic_069,synthetic,440,88,9,96,5,0.006720224822066774
train,bass,bass_synthetic_070,synthetic,440,88,21,108,5,0.006720224822066774
train,bass,bass_synthetic_071,synthetic,440,88,21,108,5,0.006720224822066774
train,bass,bass_synthetic_072,synthetic,440,88,21,108,5,0.006720224822066774
train,bass,bass_synthetic_073,synthetic,440,88,21,108,5,0.006720224822066774
train,bass,bass_synthetic_074,synthetic,440,88,21,108,5,0.006720224822066774
train,bass,bass_synthetic_075,synthetic,440,88,21,108,5,0.006720224822066774
train,bass,bass_synthetic_076,synthetic,440,88,21,108,5,0.006720224822066774
train,bass,bass_synthetic_077,synthetic,440,88,21,108,5,0.006720224822066774
train,bass,bass_synthetic_078,synthetic,440,88,21,108,5,0.006720224822066774
train,bass,bass_synthetic_079,synthetic,440,88,21,108,5,0.006720224822066774
train,bass,bass_synthetic_080,synthetic,440,88,21,108,5,0.006720224822066774
train,bass,bass_synthetic_081,synthetic,440,88,21,108,5,0.006720224822066774
train,bass,bass_synthetic_082,synthetic,440,88,21,108,5,0.006720224822066774
train,bass,bass_synthetic_083,synthetic,440,88,21,108,5,0.006720224822066774
train,bass,bass_synthetic_084,synthetic,440,88,9,96,5,0.006720224822066774
train,bass,bass_synthetic_085,synthetic,440,88,21,108,5,0.006720224822066774
train,bass,bass_synthetic_086,synthetic,440,88,21,108,5,0.006720224822066774
train,bass,bass_synthetic_087,synthetic,440,88,21,108,5,0.006720224822066774
train,bass,bass_synthetic_088,synthetic,88,88,21,108,1,0.001344044964413355
train,bass,bass_synthetic_089,synthetic,440,88,21,108,5,0.006720224822066774
train,bass,bass_synthetic_090,synthetic,440,88,21,108,5,0.006720224822066774
train,bass,bass_synthetic_091,synthetic,440,88,9,96,5,0.006720224822066774
train,bass,bass_synthetic_092,synthetic,440,88,21,108,5,0.006720224822066774
train,bass,bass_synthetic_093,synthetic,440,88,21,108,5,0.006720224822066774
train,bass,bass_synthetic_094,synthetic,440,88,21,108,5,0.006720224822066774
train,bass,bass_synthetic_095,synthetic,440,88,21,108,5,0.006720224822066774
train,bass,bass_synthetic_096,synthetic,440,88,21,108,5,0.006720224822066774
train,bass,bass_synthetic_097,synthetic,440,88,9,96,5,0.006720224822066774
train,bass,bass_synthetic_099,synthetic,440,88,21,108,5,0.006720224822066774
train,bass,bass_synthetic_100,synthetic,440,88,21,108,5,0.006720224822066774
train,bass,bass_synthetic_101,synthetic,440,88,21,108,5,0.006720224822066774
train,bass,bass_synthetic_102,synthetic,440,88,21,108,5,0.006720224822066774
train,bass,bass_synthetic_103,synthetic,440,88,21,108,5,0.006720224822066774
train,bass,bass_synthetic_104,synthetic,440,88,21,108,5,0.006720224822066774
train,bass,bass_synthetic_105,synthetic,440,88,21,108,5,0.006720224822066774
train,bass,bass_synthetic_106,synthetic,440,88,21,108,5,0.006720224822066774
train,bass,bass_synthetic_107,synthetic,440,88,21,108,5,0.006720224822066774
train,bass,bass_synthetic_108,synthetic,440,88,21,108,5,0.006720224822066774
train,bass,bass_synthetic_109,synthetic,320,64,21,84,5,0.004887436234230382
train,bass,bass_synthetic_110,synthetic,440,88,21,108,5,0.006720224822066774
train,bass,bass_synthetic_111,synthetic,440,88,9,96,5,0.006720224822066774
train,bass,bass_synthetic_112,synthetic,325,65,21,85,5,0.0049638024253902315
train,bass,bass_synthetic_113,synthetic,440,88,21,108,5,0.006720224822066774
train,bass,bass_synthetic_114,synthetic,440,88,9,96,5,0.006720224822066774
train,bass,bass_synthetic_115,synthetic,440,88,21,108,5,0.006720224822066774
train,bass,bass_synthetic_116,synthetic,440,88,21,108,5,0.006720224822066774
train,bass,bass_synthetic_117,synthetic,440,88,21,108,5,0.006720224822066774
train,bass,bass_synthetic_118,synthetic,440,88,21,108,5,0.006720224822066774
train,bass,bass_synthetic_119,synthetic,440,88,21,108,5,0.006720224822066774
train,bass,bass_synthetic_120,synthetic,440,88,21,108,5,0.006720224822066774
train,bass,bass_synthetic_121,synthetic,440,88,21,108,5,0.006720224822066774
train,bass,bass_synthetic_122,synthetic,88,88,21,108,1,0.001344044964413355
train,bass,bass_synthetic_123,synthetic,440,88,21,108,5,0.006720224822066774
train,bass,bass_synthetic_124,synthetic,440,88,21,108,5,0.006720224822066774
train,bass,bass_synthetic_125,synthetic,88,88,21,108,1,0.001344044964413355
train,bass,bass_synthetic_126,synthetic,375,75,21,95,5,0.005727464336988728
train,bass,bass_synthetic_127,synthetic,440,88,21,108,5,0.006720224822066774
train,bass,bass_synthetic_128,synthetic,440,88,21,108,5,0.006720224822066774
train,bass,bass_synthetic_129,synthetic,88,88,21,108,1,0.001344044964413355
train,bass,bass_synthetic_130,synthetic,440,88,21,108,5,0.006720224822066774
train,bass,bass_synthetic_131,synthetic,440,88,21,108,5,0.006720224822066774
train,bass,bass_synthetic_132,synthetic,440,88,21,108,5,0.006720224822066774
train,bass,bass_synthetic_133,synthetic,88,88,21,108,1,0.001344044964413355
train,bass,bass_synthetic_136,synthetic,440,88,21,108,5,0.006720224822066774
train,bass,bass_synthetic_137,synthetic,440,88,21,108,5,0.006720224822066774
train,bass,bass_synthetic_138,synthetic,440,88,21,108,5,0.006720224822066774
train,bass,bass_synthetic_139,synthetic,440,88,21,108,5,0.006720224822066774
train,bass,bass_synthetic_140,synthetic,440,88,21,108,5,0.006720224822066774
train,bass,bass_synthetic_141,synthetic,440,88,21,108,5,0.006720224822066774
train,bass,bass_synthetic_142,synthetic,88,88,21,108,1,0.001344044964413355
train,bass,bass_synthetic_143,synthetic,440,88,21,108,5,0.006720224822066774
train,bass,bass_synthetic_144,synthetic,130,26,52,77,5,0.0019855209701560923
train,bass,bass_synthetic_145,synthetic,440,88,9,96,5,0.006720224822066774
train,bass,bass_synthetic_146,synthetic,88,88,9,96,1,0.001344044964413355
train,bass,bass_synthetic_147,synthetic,88,88,9,96,1,0.001344044964413355
train,bass,bass_synthetic_148,synthetic,88,88,21,108,1,0.001344044964413355
train,bass,bass_synthetic_149,synthetic,88,88,21,108,1,0.001344044964413355
train,bass,bass_synthetic_150,synthetic,88,88,21,108,1,0.001344044964413355
train,bass,bass_synthetic_151,synthetic,52,52,21,72,1,0.000794208388062437
train,bass,bass_synthetic_152,synthetic,88,88,21,108,1,0.001344044964413355
train,brass,brass_acoustic_000,acoustic,325,65,24,88,5,0.02564102564102564
train,brass,brass_acoustic_001,acoustic,170,34,31,64,5,0.013412228796844181
train,brass,brass_acoustic_002,acoustic,325,65,24,88,5,0.02564102564102564
train,brass,brass_acoustic_003,acoustic,185,37,41,77,5,0.014595660749506903
train,brass,brass_acoustic_004,acoustic,325,65,24,88,5,0.02564102564102564
train,brass,brass_acoustic_005,acoustic,325,65,24,88,5,0.02564102564102564
train,brass,brass_acoustic_007,acoustic,190,38,52,89,5,0.014990138067061143
train,brass,brass_acoustic_008,acoustic,205,41,24,64,5,0.016173570019723867
train,brass,brass_acoustic_009,acoustic,230,46,31,76,5,0.01814595660749507
train,brass,brass_acoustic_010,acoustic,170,34,31,64,5,0.013412228796844181
train,brass,brass_acoustic_011,acoustic,205,41,24,64,5,0.016173570019723867
train,brass,brass_acoustic_012,acoustic,170,34,31,64,5,0.013412228796844181
train,brass,brass_acoustic_013,acoustic,190,38,52,89,5,0.014990138067061143
train,brass,brass_acoustic_014,acoustic,190,38,52,89,5,0.014990138067061143
train,brass,brass_acoustic_017,acoustic,165,33,40,72,5,0.01301775147928994
train,brass,brass_acoustic_018,acoustic,175,35,52,86,5,0.013806706114398421
train,brass,brass_acoustic_019,acoustic,185,37,52,88,5,0.014595660749506903
train,brass,brass_acoustic_020,acoustic,230,46,31,76,5,0.01814595660749507
train,brass,brass_acoustic_021,acoustic,190,38,52,89,5,0.014990138067061143
train,brass,brass_acoustic_022,acoustic,185,37,41,77,5,0.014595660749506903
train,brass,brass_acoustic_023,acoustic,215,43,35,77,5,0.016962524654832348
train,brass,brass_acoustic_024,acoustic,230,46,31,76,5,0.01814595660749507
train,brass,brass_acoustic_025,acoustic,245,49,48,96,5,0.01932938856015779
train,brass,brass_acoustic_026,acoustic,220,44,22,65,5,0.01735700197238659
train,brass,brass_acoustic_027,acoustic,185,37,52,88,5,0.014595660749506903
train,brass,brass_acoustic_028,acoustic,185,37,52,88,5,0.014595660749506903
train,brass,brass_acoustic_029,acoustic,185,37,41,77,5,0.014595660749506903
train,brass,brass_acoustic_030,acoustic,235,47,21,67,5,0.01854043392504931
train,brass,brass_acoustic_031,acoustic,185,37,52,88,5,0.014595660749506903
train,brass,brass_acoustic_032,acoustic,160,32,52,83,5,0.0126232741617357
train,brass,brass_acoustic_033,acoustic,185,37,41,77,5,0.014595660749506903
train,brass,brass_acoustic_034,acoustic,205,41,24,64,5,0.016173570019723867
train,brass,brass_acoustic_035,acoustic,160,32,52,83,5,0.0126232741617357
train,brass,brass_acoustic_036,acoustic,185,37,52,88,5,0.014595660749506903
train,brass,brass_acoustic_037,acoustic,175,35,40,74,5,0.013806706114398421
train,brass,brass_acoustic_038,acoustic,230,46,34,79,5,0.01814595660749507
train,brass,brass_acoustic_039,acoustic,185,37,52,88,5,0.014595660749506903
train,brass,brass_acoustic_040,acoustic,165,33,52,84,5,0.01301775147928994
train,brass,brass_acoustic_041,acoustic,260,52,36,87,5,0.020512820512820513
train,brass,brass_acoustic_042,acoustic,170,34,44,77,5,0.013412228796844181
train,brass,brass_acoustic_043,acoustic,205,41,24,64,5,0.016173570019723867
train,brass,brass_acoustic_044,acoustic,330,66,31,96,5,0.02603550295857988
train,brass,brass_acoustic_045,acoustic,205,41,24,64,5,0.016173570019723867
train,brass,brass_acoustic_047,acoustic,190,38,52,89,5,0.014990138067061143
train,brass,brass_acoustic_048,acoustic,185,37,52,88,5,0.014595660749506903
train,brass,brass_acoustic_049,acoustic,190,38,52,89,5,0.014990138067061143
train,brass,brass_acoustic_050,acoustic,175,35,36,70,5,0.013806706114398421
train,brass,brass_acoustic_051,acoustic,230,46,31,76,5,0.01814595660749507
train,brass,brass_acoustic_052,acoustic,165,33,52,84,5,0.01301775147928994
train,brass,brass_acoustic_053,acoustic,220,44,22,65,5,0.01735700197238659
train,brass,brass_acoustic_054,acoustic,185,37,41,77,5,0.014595660749506903
train,brass,brass_acoustic_055,acoustic,185,37,52,88,5,0.014595660749506903
train,brass,brass_acoustic_056,acoustic,165,33,52,84,5,0.01301775147928994
train,brass,brass_acoustic_057,acoustic,165,33,40,72,5,0.01301775147928994
train,brass,brass_acoustic_058,acoustic,190,38,52,89,5,0.014990138067061143
train,brass,brass_acoustic_060,acoustic,220,44,22,65,5,0.01735700197238659
train,brass,brass_acoustic_061,acoustic,185,37,41,77,5,0.014595660749506903
train,brass,brass_acoustic_062,acoustic,185,37,41,77,5,0.014595660749506903
train,brass,brass_acoustic_063,acoustic,230,46,31,76,5,0.01814595660749507
train,brass,brass_acoustic_064,acoustic,165,33,40,72,5,0.01301775147928994
train,brass,brass_acoustic_065,acoustic,170,34,54,87,5,0.013412228796844181
train,brass,brass_acoustic_066,acoustic,165,33,52,84,5,0.01301775147928994
train,brass,brass_electronic_000,electronic,35,35,55,89,1,0.0027613412228796844
train,brass,brass_electronic_001,electronic,35,35,43,77,1,0.0027613412228796844
train,flute,flute_acoustic_000,acoustic,230,46,55,100,5,0.026216801550210875
train,flute,flute_acoustic_001,acoustic,230,46,55,100,5,0.026216801550210875
train,flute,flute_acoustic_003,acoustic,245,49,24,72,5,0.02792659295565941
train,flute,flute_acoustic_004,acoustic,230,46,55,100,5,0.026216801550210875
train,flute,flute_acoustic_005,acoustic,210,42,67,108,5,0.023937079676279494
train,flute,flute_acoustic_006,acoustic,105,42,48,92,5,0.011968539838139747
train,flute,flute_acoustic_007,acoustic,245,49,48,96,5,0.02792659295565941
train,flute,flute_acoustic_008,acoustic,230,46,55,100,5,0.026216801550210875
train,flute,flute_acoustic_009,acoustic,245,49,48,96,5,0.02792659295565941
train,flute,flute_acoustic_010,acoustic,60,12,69,88,5,0.006839165621794141
train,flute,flute_acoustic_011,acoustic,86,35,55,91,5,0.009802804057904936
train,flute,flute_acoustic_012,acoustic,230,46,55,100,5,0.026216801550210875
train,flute,flute_acoustic_013,acoustic,210,42,67,108,5,0.023937079676279494
train,flute,flute_acoustic_014,acoustic,185,37,43,79,5,0.021087427333865268
train,flute,flute_acoustic_015,acoustic,230,46,55,100,5,0.026216801550210875
train,flute,flute_acoustic_016,acoustic,210,42,67,108,5,0.023937079676279494
train,flute,flute_acoustic_017,acoustic,185,37,72,108,5,0.021087427333865268
train,flute,flute_acoustic_018,acoustic,210,42,67,108,5,0.023937079676279494
train,flute,flute_acoustic_019,acoustic,230,46,55,100,5,0.026216801550210875
train,flute,flute_acoustic_020,acoustic,185,37,48,84,5,0.021087427333865268
train,flute,flute_acoustic_021,acoustic,245,49,48,96,5,0.02792659295565941
train,flute,flute_acoustic_022,acoustic,210,42,67,108,5,0.023937079676279494
train,flute,flute_acoustic_023,acoustic,210,42,67,108,5,0.023937079676279494
train,flute,flute_acoustic_024,acoustic,81,36,60,96,5,0.00923287358942209
train,flute,flute_acoustic_025,acoustic,112,47,49,96,5,0.01276644249401573
train,flute,flute_acoustic_026,acoustic,215,43,59,101,5,0.02450701014476234
train,flute,flute_acoustic_027,acoustic,440,88,21,108,5,0.050153881226490366
train,flute,flute_acoustic_028,acoustic,212,84,22,108,5,0.024165051863672633
train,flute,flute_acoustic_029,acoustic,245,49,48,96,5,0.02792659295565941
train,flute,flute_acoustic_030,acoustic,79,34,65,99,5,0.009004901402028953
train,flute,flute_acoustic_031,acoustic,51,24,60,84,5,0.00581329077852502
train,flute,flute_acoustic_032,acoustic,69,27,77,104,5,0.007865040465063262
train,flute,flute_acoustic_033,acoustic,60,12,69,88,5,0.006839165621794141
train,flute,flute_acoustic_034,acoustic,76,33,55,87,5,0.008662943120939246
train,flute,flute_acoustic_035,acoustic,66,26,72,101,5,0.0075230821839735555
train,flute,flute_electronic_000,electronic,35,35,55,89,1,0.003989513279379916
train,flute,flute_synthetic_001,synthetic,440,88,21,108,5,0.050153881226490366
train,flute,flute_synthetic_002,synthetic,440,88,21,108,5,0.050153881226490366
train,flute,flute_synthetic_003,synthetic,88,88,21,108,1,0.010030776245298073
train,flute,flute_synthetic_004,synthetic,440,88,21,108,5,0.050153881226490366
train,flute,flute_synthetic_005,synthetic,440,88,21,108,5,0.050153881226490366
train,flute,flute_synthetic_006,synthetic,440,88,21,108,5,0.050153881226490366
train,flute,flute_synthetic_007,synthetic,88,88,21,108,1,0.010030776245298073
train,guitar,guitar_acoustic_000,acoustic,440,88,21,108,5,0.01345977363107984
train,guitar,guitar_acoustic_001,acoustic,440,88,21,108,5,0.01345977363107984
train,guitar,guitar_acoustic_002,acoustic,440,88,21,108,5,0.01345977363107984
train,guitar,guitar_acoustic_003,acoustic,440,88,21,108,5,0.01345977363107984
train,guitar,guitar_acoustic_004,acoustic,440,88,21,108,5,0.01345977363107984
train,guitar,guitar_acoustic_005,acoustic,440,88,21,108,5,0.01345977363107984
train,guitar,guitar_acoustic_006,acoustic,385,77,21,97,5,0.011777301927194861
train,guitar,guitar_acoustic_007,acoustic,440,88,21,108,5,0.01345977363107984
train,guitar,guitar_acoustic_008,acoustic,440,88,21,108,5,0.01345977363107984
train,guitar,guitar_acoustic_009,acoustic,440,88,21,108,5,0.01345977363107984
train,guitar,guitar_acoustic_011,acoustic,440,88,21,108,5,0.01345977363107984
train,guitar,guitar_acoustic_012,acoustic,217,86,21,108,5,0.006638115631691649
train,guitar,guitar_acoustic_013,acoustic,250,50,37,96,5,0.007647598654022637
train,guitar,guitar_acoustic_016,acoustic,440,88,21,108,5,0.01345977363107984
train,guitar,guitar_acoustic_017,acoustic,440,88,21,108,5,0.01345977363107984
train,guitar,guitar_acoustic_018,acoustic,440,88,21,108,5,0.01345977363107984
train,guitar,guitar_acoustic_019,acoustic,440,88,21,108,5,0.01345977363107984
train,guitar,guitar_acoustic_020,acoustic,440,88,21,108,5,0.01345977363107984
train,guitar,guitar_acoustic_022,acoustic,195,39,34,72,5,0.005965126950137657
train,guitar,guitar_acoustic_023,acoustic,205,41,39,84,5,0.006271030896298563
train,guitar,guitar_acoustic_024,acoustic,440,88,21,108,5,0.01345977363107984
train,guitar,guitar_acoustic_025,acoustic,175,35,42,79,5,0.0053533190578158455
train,guitar,guitar_acoustic_026,acoustic,440,88,21,108,5,0.01345977363107984
train,guitar,guitar_acoustic_027,acoustic,125,25,48,72,5,0.0038237993270113183
train,guitar,guitar_acoustic_028,acoustic,440,88,21,108,5,0.01345977363107984
train,guitar,guitar_acoustic_029,acoustic,245,49,36,84,5,0.007494646680942184
train,guitar,guitar_acoustic_031,acoustic,110,22,55,76,5,0.00336494340776996
train,guitar,guitar_acoustic_032,acoustic,440,88,21,108,5,0.01345977363107984
train,guitar,guitar_acoustic_033,acoustic,440,88,21,108,5,0.01345977363107984
train,guitar,guitar_acoustic_034,acoustic,440,88,21,108,5,0.01345977363107984
train,guitar,guitar_acoustic_035,acoustic,190,38,35,72,5,0.005812174977057204
train,guitar,guitar_acoustic_036,acoustic,43,19,63,81,5,0.0013153869684918934
train,guitar,guitar_electronic_000,electronic,440,88,21,108,5,0.01345977363107984
train,guitar,guitar_electronic_001,electronic,440,88,21,108,5,0.01345977363107984
train,guitar,guitar_electronic_002,electronic,440,88,21,108,5,0.01345977363107984
train,guitar,guitar_electronic_003,electronic,440,88,21,108,5,0.01345977363107984
train,guitar,guitar_electronic_004,electronic,250,50,36,85,5,0.007647598654022637
train,guitar,guitar_electronic_005,electronic,440,88,21,108,5,0.01345977363107984
train,guitar,guitar_electronic_006,electronic,255,51,36,86,5,0.00780055062710309
train,guitar,guitar_electronic_007,electronic,440,88,21,108,5,0.01345977363107984
train,guitar,guitar_electronic_008,electronic,330,66,21,86,5,0.01009483022330988
train,guitar,guitar_electronic_009,electronic,440,88,21,108,5,0.01345977363107984
train,guitar,guitar_electronic_010,electronic,330,66,31,96,5,0.01009483022330988
train,guitar,guitar_electronic_011,electronic,254,51,36,86,5,0.0077699602324869995
train,guitar,guitar_electronic_012,electronic,250,50,36,85,5,0.007647598654022637
train,guitar,guitar_electronic_013,electronic,255,51,36,86,5,0.00780055062710309
train,guitar,guitar_electronic_014,electronic,345,69,40,108,5,0.01055368614255124
train,guitar,guitar_electronic_015,electronic,440,88,21,108,5,0.01345977363107984
train,guitar,guitar_electronic_016,electronic,440,88,21,108,5,0.01345977363107984
train,guitar,guitar_electronic_017,electronic,440,88,21,108,5,0.01345977363107984
train,guitar,guitar_electronic_018,electronic,440,88,21,108,5,0.01345977363107984
train,guitar,guitar_electronic_019,electronic,240,48,40,87,5,0.007341694707861731
train,guitar,guitar_electronic_020,electronic,250,50,36,85,5,0.007647598654022637
train,guitar,guitar_electronic_021,electronic,440,88,21,108,5,0.01345977363107984
train,guitar,guitar_electronic_023,electronic,440,88,21,108,5,0.01345977363107984
train,guitar,guitar_electronic_024,electronic,251,51,36,86,5,0.007678189048638728
train,guitar,guitar_electronic_025,electronic,99,37,60,97,5,0.003028449066992964
train,guitar,guitar_electronic_026,electronic,440,88,21,108,5,0.01345977363107984
train,guitar,guitar_electronic_027,electronic,440,88,9,96,5,0.01345977363107984
train,guitar,guitar_electronic_029,electronic,255,51,36,86,5,0.00780055062710309
train,guitar,guitar_electronic_030,electronic,440,88,21,108,5,0.01345977363107984
train,guitar,guitar_electronic_031,electronic,440,88,21,108,5,0.01345977363107984
train,guitar,guitar_electronic_032,electronic,440,88,21,108,5,0.01345977363107984
train,guitar,guitar_electronic_033,electronic,330,66,21,86,5,0.01009483022330988
train,guitar,guitar_electronic_034,electronic,428,88,9,96,5,0.013092688895686754
train,guitar,guitar_electronic_035,electronic,250,50,36,85,5,0.007647598654022637
train,guitar,guitar_electronic_036,electronic,440,88,21,108,5,0.01345977363107984
train,guitar,guitar_electronic_037,electronic,440,88,21,108,5,0.01345977363107984
train,guitar,guitar_electronic_038,electronic,440,88,21,108,5,0.01345977363107984
train,guitar,guitar_electronic_039,electronic,440,88,21,108,5,0.01345977363107984
train,guitar,guitar_electronic_040,electronic,255,51,36,86,5,0.00780055062710309
train,guitar,guitar_electronic_041,electronic,255,51,36,86,5,0.00780055062710309
train,guitar,guitar_electronic_042,electronic,250,50,37,86,5,0.007647598654022637
train,guitar,guitar_electronic_043,electronic,440,88,21,108,5,0.01345977363107984
train,guitar,guitar_electronic_044,electronic,440,88,21,108,5,0.01345977363107984
train,guitar,guitar_electronic_045,electronic,255,51,36,86,5,0.00780055062710309
train,guitar,guitar_electronic_046,electronic,88,88,21,108,1,0.0026919547262159683
train,guitar,guitar_synthetic_000,synthetic,440,88,21,108,5,0.01345977363107984
train,guitar,guitar_synthetic_001,synthetic,440,88,21,108,5,0.01345977363107984
train,guitar,guitar_synthetic_002,synthetic,440,88,21,108,5,0.01345977363107984
train,guitar,guitar_synthetic_003,synthetic,440,88,21,108,5,0.01345977363107984
train,guitar,guitar_synthetic_004,synthetic,440,88,21,108,5,0.01345977363107984
train,guitar,guitar_synthetic_005,synthetic,440,88,21,108,5,0.01345977363107984
train,guitar,guitar_synthetic_006,synthetic,440,88,9,96,5,0.01345977363107984
train,guitar,guitar_synthetic_007,synthetic,440,88,21,108,5,0.01345977363107984
train,guitar,guitar_synthetic_008,synthetic,228,88,33,120,5,0.006974609972468645
train,guitar,guitar_synthetic_009,synthetic,440,88,21,108,5,0.01345977363107984
train,guitar,guitar_synthetic_010,synthetic,440,88,21,108,5,0.01345977363107984
train,guitar,guitar_synthetic_011,synthetic,440,88,21,108,5,0.01345977363107984
train,guitar,guitar_synthetic_012,synthetic,207,83,33,120,5,0.006332211685530743
train,keyboard,keyboard_acoustic_000,acoustic,440,88,21,108,5,0.008490766291657821
train,keyboard,keyboard_acoustic_001,acoustic,440,88,21,108,5,0.008490766291657821
train,keyboard,keyboard_acoustic_002,acoustic,440,88,21,108,5,0.008490766291657821
train,keyboard,keyboard_acoustic_003,acoustic,440,88,21,108,5,0.008490766291657821
train,keyboard,keyboard_acoustic_005,acoustic,440,88,21,108,5,0.008490766291657821
train,keyboard,keyboard_acoustic_006,acoustic,440,88,21,108,5,0.008490766291657821
train,keyboard,keyboard_acoustic_007,acoustic,440,88,21,108,5,0.008490766291657821
train,keyboard,keyboard_acoustic_008,acoustic,440,88,21,108,5,0.008490766291657821
train,keyboard,keyboard_acoustic_009,acoustic,440,88,21,108,5,0.008490766291657821
train,keyboard,keyboard_acoustic_010,acoustic,440,88,21,108,5,0.008490766291657821
train,keyboard,keyboard_acoustic_011,acoustic,440,88,21,108,5,0.008490766291657821
train,keyboard,keyboard_acoustic_012,acoustic,440,88,21,108,5,0.008490766291657821
train,keyboard,keyboard_acoustic_013,acoustic,440,88,21,108,5,0.008490766291657821
train,keyboard,keyboard_acoustic_014,acoustic,440,88,21,108,5,0.008490766291657821
train,keyboard,keyboard_acoustic_015,acoustic,195,39,48,86,5,0.0037629532428938074
train,keyboard,keyboard_acoustic_016,acoustic,440,88,21,108,5,0.008490766291657821
train,keyboard,keyboard_acoustic_017,acoustic,440,88,21,108,5,0.008490766291657821
train,keyboard,keyboard_acoustic_018,acoustic,305,61,36,96,5,0.005885644815808263
train,keyboard,keyboard_acoustic_019,acoustic,440,88,21,108,5,0.008490766291657821
train,keyboard,keyboard_acoustic_020,acoustic,88,88,21,108,1,0.0016981532583315645
train,keyboard,keyboard_electronic_000,electronic,440,88,21,108,5,0.008490766291657821
train,keyboard,keyboard_electronic_004,electronic,440,88,21,108,5,0.008490766291657821
train,keyboard,keyboard_electronic_005,electronic,440,88,9,96,5,0.008490766291657821
train,keyboard,keyboard_electronic_006,electronic,300,60,29,88,5,0.005789158835221242
train,keyboard,keyboard_electronic_007,electronic,440,88,21,108,5,0.008490766291657821
train,keyboard,keyboard_electronic_008,electronic,440,88,21,108,5,0.008490766291657821
train,keyboard,keyboard_electronic_009,electronic,370,74,23,96,5,0.007139962563439533
train,keyboard,keyboard_electronic_010,electronic,440,88,21,108,5,0.008490766291657821
train,keyboard,keyboard_electronic_011,electronic,440,88,21,108,5,0.008490766291657821
train,keyboard,keyboard_electronic_012,electronic,440,88,21,108,5,0.008490766291657821
train,keyboard,keyboard_electronic_013,electronic,440,88,21,108,5,0.008490766291657821
train,keyboard,keyboard_electronic_014,electronic,440,88,21,108,5,0.008490766291657821
train,keyboard,keyboard_electronic_015,electronic,440,88,21,108,5,0.008490766291657821
train,keyboard,keyboard_electronic_016,electronic,365,73,24,96,5,0.007043476582852512
train,keyboard,keyboard_electronic_017,electronic,440,88,21,108,5,0.008490766291657821
train,keyboard,keyboard_electronic_018,electronic,440,88,21,108,5,0.008490766291657821
train,keyboard,keyboard_electronic_019,electronic,365,73,28,100,5,0.007043476582852512
train,keyboard,keyboard_electronic_020,electronic,440,88,21,108,5,0.008490766291657821
train,keyboard,keyboard_electronic_021,electronic,440,88,21,108,5,0.008490766291657821
train,keyboard,keyboard_electronic_022,electronic,440,88,21,108,5,0.008490766291657821
train,keyboard,keyboard_electronic_023,electronic,440,88,21,108,5,0.008490766291657821
train,keyboard,keyboard_electronic_024,electronic,300,60,30,89,5,0.005789158835221242
train,keyboard,keyboard_electronic_025,electronic,365,73,24,96,5,0.007043476582852512
train,keyboard,keyboard_electronic_026,electronic,440,88,21,108,5,0.008490766291657821
train,keyboard,keyboard_electronic_027,electronic,370,74,23,96,5,0.007139962563439533
train,keyboard,keyboard_electronic_028,electronic,440,88,21,108,5,0.008490766291657821
train,keyboard,keyboard_electronic_029,electronic,440,88,21,108,5,0.008490766291657821
train,keyboard,keyboard_electronic_030,electronic,440,88,21,108,5,0.008490766291657821
train,keyboard,keyboard_electronic_031,electronic,370,74,23,96,5,0.007139962563439533
train,keyboard,keyboard_electronic_032,electronic,440,88,21,108,5,0.008490766291657821
train,keyboard,keyboard_electronic_033,electronic,300,60,30,89,5,0.005789158835221242
train,keyboard,keyboard_electronic_034,electronic,440,88,21,108,5,0.008490766291657821
train,keyboard,keyboard_electronic_035,electronic,300,60,29,88,5,0.005789158835221242
train,keyboard,keyboard_electronic_036,electronic,440,88,21,108,5,0.008490766291657821
train,keyboard,keyboard_electronic_037,electronic,300,60,30,89,5,0.005789158835221242
train,keyboard,keyboard_electronic_038,electronic,440,88,21,108,5,0.008490766291657821
train,keyboard,keyboard_electronic_039,electronic,440,88,21,108,5,0.008490766291657821
train,keyboard,keyboard_electronic_040,electronic,440,88,21,108,5,0.008490766291657821
train,keyboard,keyboard_electronic_041,electronic,440,88,21,108,5,0.008490766291657821
train,keyboard,keyboard_electronic_042,electronic,365,73,28,100,5,0.007043476582852512
train,keyboard,keyboard_electronic_043,electronic,440,88,21,108,5,0.008490766291657821
train,keyboard,keyboard_electronic_044,electronic,365,73,28,100,5,0.007043476582852512
train,keyboard,keyboard_electronic_045,electronic,365,73,28,100,5,0.007043476582852512
train,keyboard,keyboard_electronic_046,electronic,440,88,21,108,5,0.008490766291657821
train,keyboard,keyboard_electronic_047,electronic,440,88,21,108,5,0.008490766291657821
train,keyboard,keyboard_electronic_048,electronic,300,60,29,88,5,0.005789158835221242
train,keyboard,keyboard_electronic_049,electronic,300,60,30,89,5,0.005789158835221242
train,keyboard,keyboard_electronic_050,electronic,440,88,21,108,5,0.008490766291657821
train,keyboard,keyboard_electronic_051,electronic,211,81,21,108,5,0.004071708380772273
train,keyboard,keyboard_electronic_052,electronic,370,74,23,96,5,0.007139962563439533
train,keyboard,keyboard_electronic_053,electronic,365,73,28,100,5,0.007043476582852512
train,keyboard,keyboard_electronic_054,electronic,440,88,21,108,5,0.008490766291657821
train,keyboard,keyboard_electronic_055,electronic,440,88,21,108,5,0.008490766291657821
train,keyboard,keyboard_electronic_056,electronic,440,88,21,108,5,0.008490766291657821
train,keyboard,keyboard_electronic_057,electronic,440,88,21,108,5,0.008490766291657821
train,keyboard,keyboard_electronic_058,electronic,440,88,21,108,5,0.008490766291657821
train,keyboard,keyboard_electronic_059,electronic,440,88,21,108,5,0.008490766291657821
train,keyboard,keyboard_electronic_060,electronic,440,88,21,108,5,0.008490766291657821
train,keyboard,keyboard_electronic_061,electronic,370,74,23,96,5,0.007139962563439533
train,keyboard,keyboard_electronic_062,electronic,370,74,23,96,5,0.007139962563439533
train,keyboard,keyboard_electronic_063,electronic,440,88,21,108,5,0.008490766291657821
train,keyboard,keyboard_electronic_064,electronic,440,88,21,108,5,0.008490766291657821
train,keyboard,keyboard_electronic_065,electronic,440,88,21,108,5,0.008490766291657821
train,keyboard,keyboard_electronic_066,electronic,300,60,30,89,5,0.005789158835221242
train,keyboard,keyboard_electronic_067,electronic,365,73,28,100,5,0.007043476582852512
train,keyboard,keyboard_electronic_068,electronic,370,74,23,96,5,0.007139962563439533
train,keyboard,keyboard_electronic_070,electronic,440,88,21,108,5,0.008490766291657821
train,keyboard,keyboard_electronic_071,electronic,365,73,24,96,5,0.007043476582852512
train,keyboard,keyboard_electronic_072,electronic,440,88,21,108,5,0.008490766291657821
train,keyboard,keyboard_electronic_073,electronic,370,74,23,96,5,0.007139962563439533
train,keyboard,keyboard_electronic_074,electronic,255,51,36,86,5,0.004920785009938056
train,keyboard,keyboard_electronic_075,electronic,440,88,21,108,5,0.008490766291657821
train,keyboard,keyboard_electronic_076,electronic,255,51,36,86,5,0.004920785009938056
train,keyboard,keyboard_electronic_077,electronic,300,60,30,89,5,0.005789158835221242
train,keyboard,keyboard_electronic_079,electronic,440,88,21,108,5,0.008490766291657821
train,keyboard,keyboard_electronic_080,electronic,440,88,21,108,5,0.008490766291657821
train,keyboard,keyboard_electronic_081,electronic,365,73,28,100,5,0.007043476582852512
train,keyboard,keyboard_electronic_082,electronic,320,64,33,96,5,0.006175102757569325
train,keyboard,keyboard_electronic_083,electronic,440,88,21,108,5,0.008490766291657821
train,keyboard,keyboard_electronic_084,electronic,315,63,36,98,5,0.006078616776982304
train,keyboard,keyboard_electronic_085,electronic,440,88,21,108,5,0.008490766291657821
train,keyboard,keyboard_electronic_086,electronic,320,64,33,96,5,0.006175102757569325
train,keyboard,keyboard_electronic_087,electronic,440,88,9,96,5,0.008490766291657821
train,keyboard,keyboard_electronic_088,electronic,305,61,24,84,5,0.005885644815808263
train,keyboard,keyboard_electronic_089,electronic,440,88,21,108,5,0.008490766291657821
train,keyboard,keyboard_electronic_090,electronic,440,88,21,108,5,0.008490766291657821
train,keyboard,keyboard_electronic_091,electronic,315,63,36,98,5,0.006078616776982304
train,keyboard,keyboard_electronic_092,electronic,88,88,21,108,1,0.0016981532583315645
train,keyboard,keyboard_electronic_093,electronic,440,88,21,108,5,0.008490766291657821
train,keyboard,keyboard_electronic_094,electronic,370,74,23,96,5,0.007139962563439533
train,keyboard,keyboard_electronic_095,electronic,440,88,21,108,5,0.008490766291657821
train,keyboard,keyboard_electronic_096,electronic,440,88,21,108,5,0.008490766291657821
train,keyboard,keyboard_electronic_097,electronic,320,64,33,96,5,0.006175102757569325
train,keyboard,keyboard_electronic_099,electronic,440,88,21,108,5,0.008490766291657821
train,keyboard,keyboard_electronic_100,electronic,440,88,21,108,5,0.008490766291657821
train,keyboard,keyboard_electronic_101,electronic,305,61,36,96,5,0.005885644815808263
train,keyboard,keyboard_electronic_102,electronic,440,88,21,108,5,0.008490766291657821
train,keyboard,keyboard_electronic_103,electronic,88,88,21,108,1,0.0016981532583315645
train,keyboard,keyboard_electronic_104,electronic,365,73,28,100,5,0.007043476582852512
train,keyboard,keyboard_electronic_105,electronic,320,64,33,96,5,0.006175102757569325
train,keyboard,keyboard_electronic_106,electronic,315,63,36,98,5,0.006078616776982304
train,keyboard,keyboard_electronic_107,electronic,330,66,24,89,5,0.0063680747187433665
train,keyboard,keyboard_electronic_108,electronic,112,48,60,110,5,0.0021612859651492637
train,keyboard,keyboard_electronic_109,electronic,440,88,21,108,5,0.008490766291657821
train,keyboard,keyboard_electronic_110,electronic,88,88,21,108,1,0.0016981532583315645
train,keyboard,keyboard_electronic_111,electronic,88,88,21,108,1,0.0016981532583315645
train,keyboard,keyboard_synthetic_001,synthetic,255,51,36,86,5,0.004920785009938056
train,keyboard,keyboard_synthetic_002,synthetic,245,49,36,84,5,0.0047278130487640145
train,keyboard,keyboard_synthetic_003,synthetic,440,88,21,108,5,0.008490766291657821
train,keyboard,keyboard_synthetic_004,synthetic,147,60,48,110,5,0.002836687829258409
train,keyboard,keyboard_synthetic_005,synthetic,255,51,48,98,5,0.004920785009938056
train,keyboard,keyboard_synthetic_006,synthetic,440,88,21,108,5,0.008490766291657821
train,keyboard,keyboard_synthetic_007,synthetic,305,61,36,96,5,0.005885644815808263
train,keyboard,keyboard_synthetic_008,synthetic,315,63,36,98,5,0.006078616776982304
train,keyboard,keyboard_synthetic_009,synthetic,440,88,21,108,5,0.008490766291657821
train,keyboard,keyboard_synthetic_010,synthetic,315,63,36,98,5,0.006078616776982304
train,keyboard,keyboard_synthetic_011,synthetic,120,48,48,98,5,0.002315663534088497
train,keyboard,keyboard_synthetic_012,synthetic,121,48,48,97,5,0.002334960730205901
train,mallet,mallet_acoustic_000,acoustic,220,44,65,108,5,0.0064325604514487884
train,mallet,mallet_acoustic_001,acoustic,440,88,21,108,5,0.012865120902897577
train,mallet,mallet_acoustic_002,acoustic,440,88,21,108,5,0.012865120902897577
train,mallet,mallet_acoustic_003,acoustic,440,88,21,108,5,0.012865120902897577
train,mallet,mallet_acoustic_004,acoustic,440,88,21,108,5,0.012865120902897577
train,mallet,mallet_acoustic_005,acoustic,440,88,21,108,5,0.012865120902897577
train,mallet,mallet_acoustic_006,acoustic,440,88,21,108,5,0.012865120902897577
train,mallet,mallet_acoustic_007,acoustic,440,88,21,108,5,0.012865120902897577
train,mallet,mallet_acoustic_008,acoustic,440,88,21,108,5,0.012865120902897577
train,mallet,mallet_acoustic_009,acoustic,440,88,32,119,5,0.012865120902897577
train,mallet,mallet_acoustic_010,acoustic,440,88,21,108,5,0.012865120902897577
train,mallet,mallet_acoustic_011,acoustic,440,88,21,108,5,0.012865120902897577
train,mallet,mallet_acoustic_012,acoustic,440,88,21,108,5,0.012865120902897577
train,mallet,mallet_acoustic_013,acoustic,260,52,45,96,5,0.00760211689716675
train,mallet,mallet_acoustic_014,acoustic,440,88,21,108,5,0.012865120902897577
train,mallet,mallet_acoustic_015,acoustic,145,61,48,112,5,0.004239642115727611
train,mallet,mallet_acoustic_016,acoustic,440,88,21,108,5,0.012865120902897577
train,mallet,mallet_acoustic_017,acoustic,440,88,21,108,5,0.012865120902897577
train,mallet,mallet_acoustic_018,acoustic,365,73,36,108,5,0.010672202567176398
train,mallet,mallet_acoustic_019,acoustic,440,88,21,108,5,0.012865120902897577
train,mallet,mallet_acoustic_020,acoustic,440,88,21,108,5,0.012865120902897577
train,mallet,mallet_acoustic_021,acoustic,265,53,48,100,5,0.007748311452881494
train,mallet,mallet_acoustic_022,acoustic,440,88,21,108,5,0.012865120902897577
train,mallet,mallet_acoustic_023,acoustic,440,88,21,108,5,0.012865120902897577
train,mallet,mallet_acoustic_024,acoustic,440,88,21,108,5,0.012865120902897577
train,mallet,mallet_acoustic_025,acoustic,440,88,21,108,5,0.012865120902897577
train,mallet,mallet_acoustic_026,acoustic,440,88,21,108,5,0.012865120902897577
train,mallet,mallet_acoustic_027,acoustic,440,88,21,108,5,0.012865120902897577
train,mallet,mallet_acoustic_028,acoustic,440,88,21,108,5,0.012865120902897577
train,mallet,mallet_acoustic_029,acoustic,185,37,48,84,5,0.005409198561445572
train,mallet,mallet_acoustic_030,acoustic,440,88,21,108,5,0.012865120902897577
train,mallet,mallet_acoustic_031,acoustic,102,41,65,107,5,0.0029823689365808016
train,mallet,mallet_acoustic_032,acoustic,440,88,21,108,5,0.012865120902897577
train,mallet,mallet_acoustic_033,acoustic,440,88,21,108,5,0.012865120902897577
train,mallet,mallet_acoustic_034,acoustic,215,43,38,86,5,0.006286365895734043
train,mallet,mallet_acoustic_035,acoustic,224,88,33,120,5,0.006549516096020584
train,mallet,mallet_acoustic_036,acoustic,440,88,21,108,5,0.012865120902897577
train,mallet,mallet_acoustic_037,acoustic,245,49,36,84,5,0.007163533230022514
train,mallet,mallet_acoustic_038,acoustic,440,88,21,108,5,0.012865120902897577
train,mallet,mallet_acoustic_039,acoustic,440,88,21,108,5,0.012865120902897577
train,mallet,mallet_acoustic_040,acoustic,440,88,21,108,5,0.012865120902897577
train,mallet,mallet_acoustic_041,acoustic,440,88,21,108,5,0.012865120902897577
train,mallet,mallet_acoustic_042,acoustic,440,88,21,108,5,0.012865120902897577
train,mallet,mallet_acoustic_043,acoustic,440,88,21,108,5,0.012865120902897577
train,mallet,mallet_acoustic_044,acoustic,305,61,36,96,5,0.008917867898599456
train,mallet,mallet_acoustic_045,acoustic,260,52,45,96,5,0.00760211689716675
train,mallet,mallet_acoustic_046,acoustic,440,88,21,108,5,0.012865120902897577
train,mallet,mallet_acoustic_048,acoustic,440,88,21,108,5,0.012865120902897577
train,mallet,mallet_acoustic_049,acoustic,440,88,21,108,5,0.012865120902897577
train,mallet,mallet_acoustic_050,acoustic,440,88,21,108,5,0.012865120902897577
train,mallet,mallet_acoustic_051,acoustic,440,88,21,108,5,0.012865120902897577
train,mallet,mallet_acoustic_052,acoustic,260,52,45,96,5,0.00760211689716675
train,mallet,mallet_acoustic_053,acoustic,440,88,21,108,5,0.012865120902897577
train,mallet,mallet_acoustic_054,acoustic,440,88,21,108,5,0.012865120902897577
train,mallet,mallet_acoustic_055,acoustic,440,88,21,108,5,0.012865120902897577
train,mallet,mallet_acoustic_057,acoustic,440,88,21,108,5,0.012865120902897577
train,mallet,mallet_acoustic_058,acoustic,440,88,21,108,5,0.012865120902897577
train,mallet,mallet_acoustic_059,acoustic,440,88,21,108,5,0.012865120902897577
train,mallet,mallet_acoustic_060,acoustic,64,26,80,108,5,0.0018712903131487383
train,mallet,mallet_acoustic_061,acoustic,440,88,21,108,5,0.012865120902897577
train,mallet,mallet_acoustic_063,acoustic,65,13,64,76,5,0.0019005292242916874
train,mallet,mallet_acoustic_064,acoustic,440,88,21,108,5,0.012865120902897577
train,mallet,mallet_acoustic_065,acoustic,440,88,21,108,5,0.012865120902897577
train,mallet,mallet_acoustic_066,acoustic,210,42,55,96,5,0.006140171340019297
train,mallet,mallet_acoustic_067,acoustic,440,88,21,108,5,0.012865120902897577
train,mallet,mallet_acoustic_068,acoustic,214,86,33,120,5,0.0062571269845910936
train,mallet,mallet_acoustic_069,acoustic,440,88,21,108,5,0.012865120902897577
train,mallet,mallet_acoustic_070,acoustic,125,25,48,72,5,0.0036548638928686297
train,mallet,mallet_acoustic_071,acoustic,130,26,48,91,5,0.003801058448583375
train,mallet,mallet_acoustic_072,acoustic,130,26,48,91,5,0.003801058448583375
train,mallet,mallet_acoustic_073,acoustic,185,37,53,89,5,0.005409198561445572
train,mallet,mallet_acoustic_074,acoustic,185,37,53,89,5,0.005409198561445572
train,mallet,mallet_acoustic_075,acoustic,81,32,60,91,5,0.002368351802578872
train,mallet,mallet_acoustic_076,acoustic,81,30,79,108,5,0.002368351802578872
train,mallet,mallet_acoustic_077,acoustic,130,26,48,91,5,0.003801058448583375
train,mallet,mallet_acoustic_078,acoustic,75,29,79,108,5,0.0021929183357211777
train,mallet,mallet_acoustic_079,acoustic,62,24,84,108,5,0.0018128124908628402
train,mallet,mallet_acoustic_080,acoustic,69,32,77,110,5,0.0020174848688634837
train,mallet,mallet_electronic_000,electronic,440,88,9,96,5,0.012865120902897577
train,mallet,mallet_electronic_001,electronic,440,88,21,108,5,0.012865120902897577
train,mallet,mallet_electronic_002,electronic,440,88,21,108,5,0.012865120902897577
train,mallet,mallet_electronic_003,electronic,440,88,21,108,5,0.012865120902897577
train,mallet,mallet_electronic_004,electronic,440,88,21,108,5,0.012865120902897577
train,mallet,mallet_electronic_005,electronic,88,88,21,108,1,0.002573024180579515
train,mallet,mallet_electronic_006,electronic,440,88,21,108,5,0.012865120902897577
train,mallet,mallet_electronic_007,electronic,440,88,21,108,5,0.012865120902897577
train,mallet,mallet_electronic_008,electronic,440,88,21,108,5,0.012865120902897577
train,mallet,mallet_electronic_009,electronic,440,88,9,96,5,0.012865120902897577
train,mallet,mallet_electronic_010,electronic,440,88,21,108,5,0.012865120902897577
train,mallet,mallet_electronic_011,electronic,440,88,21,108,5,0.012865120902897577
train,mallet,mallet_electronic_012,electronic,440,88,21,108,5,0.012865120902897577
train,mallet,mallet_electronic_013,electronic,213,82,33,120,5,0.006227888073448145
train,mallet,mallet_synthetic_000,synthetic,277,60,31,96,5,0.008099178386596883
train,mallet,mallet_synthetic_001,synthetic,325,65,36,100,5,0.009502646121458437
train,mallet,mallet_synthetic_002,synthetic,440,88,21,108,5,0.012865120902897577
train,mallet,mallet_synthetic_003,synthetic,440,88,21,108,5,0.012865120902897577
train,mallet,mallet_synthetic_004,synthetic,281,60,22,86,5,0.008216134031168679
train,organ,organ_acoustic_000,acoustic,30,30,24,53,1,0.0008701453142674827
train,organ,organ_acoustic_001,acoustic,58,58,36,93,1,0.0016822809409171332
train,organ,organ_acoustic_002,acoustic,58,58,36,93,1,0.0016822809409171332
train,organ,organ_acoustic_003,acoustic,30,30,24,53,1,0.0008701453142674827
train,organ,organ_electronic_000,electronic,440,88,21,108,5,0.012762131275923079
train,organ,organ_electronic_002,electronic,305,61,24,84,5,0.008846477361719406
train,organ,organ_electronic_003,electronic,305,61,24,84,5,0.008846477361719406
train,organ,organ_electronic_004,electronic,305,61,24,84,5,0.008846477361719406
train,organ,organ_electronic_005,electronic,305,61,24,84,5,0.008846477361719406
train,organ,organ_electronic_006,electronic,305,61,24,84,5,0.008846477361719406
train,organ,organ_electronic_008,electronic,440,88,21,108,5,0.012762131275923079
train,organ,organ_electronic_009,electronic,305,61,24,84,5,0.008846477361719406
train,organ,organ_electronic_010,electronic,88,88,21,108,1,0.0025524262551846156
train,organ,organ_electronic_011,electronic,305,61,24,84,5,0.008846477361719406
train,organ,organ_electronic_012,electronic,440,88,21,108,5,0.012762131275923079
train,organ,organ_electronic_013,electronic,255,51,36,86,5,0.007396235171273603
train,organ,organ_electronic_014,electronic,305,61,24,84,5,0.008846477361719406
train,organ,organ_electronic_015,electronic,305,61,24,84,5,0.008846477361719406
train,organ,organ_electronic_016,electronic,305,61,24,84,5,0.008846477361719406
train,organ,organ_electronic_017,electronic,305,61,24,84,5,0.008846477361719406
train,organ,organ_electronic_018,electronic,305,61,24,84,5,0.008846477361719406
train,organ,organ_electronic_019,electronic,305,61,24,84,5,0.008846477361719406
train,organ,organ_electronic_020,electronic,305,61,36,96,5,0.008846477361719406
train,organ,organ_electronic_021,electronic,440,88,21,108,5,0.012762131275923079
train,organ,organ_electronic_022,electronic,305,61,36,96,5,0.008846477361719406
train,organ,organ_electronic_023,electronic,305,61,24,84,5,0.008846477361719406
train,organ,organ_electronic_024,electronic,440,88,21,108,5,0.012762131275923079
train,organ,organ_electronic_025,electronic,305,61,36,96,5,0.008846477361719406
train,organ,organ_electronic_026,electronic,305,61,24,84,5,0.008846477361719406
train,organ,organ_electronic_027,electronic,440,88,21,108,5,0.012762131275923079
train,organ,organ_electronic_029,electronic,305,61,36,96,5,0.008846477361719406
train,organ,organ_electronic_030,electronic,305,61,36,96,5,0.008846477361719406
train,organ,organ_electronic_031,electronic,305,61,36,96,5,0.008846477361719406
train,organ,organ_electronic_032,electronic,305,61,24,84,5,0.008846477361719406
train,organ,organ_electronic_033,electronic,305,61,24,84,5,0.008846477361719406
train,organ,organ_electronic_034,electronic,305,61,24,84,5,0.008846477361719406
train,organ,organ_electronic_035,electronic,305,61,24,84,5,0.008846477361719406
train,organ,organ_electronic_036,electronic,305,61,24,84,5,0.008846477361719406
train,organ,organ_electronic_037,electronic,255,51,36,86,5,0.007396235171273603
train,organ,organ_electronic_038,electronic,305,61,24,84,5,0.008846477361719406
train,organ,organ_electronic_039,electronic,305,61,36,96,5,0.008846477361719406
train,organ,organ_electronic_040,electronic,305,61,36,96,5,0.008846477361719406
train,organ,organ_electronic_041,electronic,305,61,36,96,5,0.008846477361719406
train,organ,organ_electronic_042,electronic,305,61,24,84,5,0.008846477361719406
train,organ,organ_electronic_043,electronic,440,88,21,108,5,0.012762131275923079
train,organ,organ_electronic_044,electronic,305,61,24,84,5,0.008846477361719406
train,organ,organ_electronic_045,electronic,305,61,24,84,5,0.008846477361719406
train,organ,organ_electronic_046,electronic,305,61,24,84,5,0.008846477361719406
train,organ,organ_electronic_047,electronic,305,61,24,84,5,0.008846477361719406
train,organ,organ_electronic_048,electronic,305,61,24,84,5,0.008846477361719406
train,organ,organ_electronic_049,electronic,440,88,21,108,5,0.012762131275923079
train,organ,organ_electronic_050,electronic,440,88,21,108,5,0.012762131275923079
train,organ,organ_electronic_051,electronic,440,88,21,108,5,0.012762131275923079
train,organ,organ_electronic_052,electronic,61,61,24,84,1,0.0017692954723438814
train,organ,organ_electronic_053,electronic,440,88,9,96,5,0.012762131275923079
train,organ,organ_electronic_054,electronic,305,61,24,84,5,0.008846477361719406
train,organ,organ_electronic_055,electronic,305,61,24,84,5,0.008846477361719406
train,organ,organ_electronic_056,electronic,305,61,36,96,5,0.008846477361719406
train,organ,organ_electronic_058,electronic,305,61,24,84,5,0.008846477361719406
train,organ,organ_electronic_059,electronic,305,61,24,84,5,0.008846477361719406
train,organ,organ_electronic_060,electronic,305,61,24,84,5,0.008846477361719406
train,organ,organ_electronic_061,electronic,305,61,24,84,5,0.008846477361719406
train,organ,organ_electronic_062,electronic,144,60,60,120,5,0.0041766975084839165
train,organ,organ_electronic_063,electronic,440,88,21,108,5,0.012762131275923079
train,organ,organ_electronic_064,electronic,61,61,36,96,1,0.0017692954723438814
train,organ,organ_electronic_065,electronic,305,61,24,84,5,0.008846477361719406
train,organ,organ_electronic_066,electronic,305,61,24,84,5,0.008846477361719406
train,organ,organ_electronic_067,electronic,440,88,21,108,5,0.012762131275923079
train,organ,organ_electronic_068,electronic,310,62,24,85,5,0.008991501580763988
train,organ,organ_electronic_069,electronic,440,88,21,108,5,0.012762131275923079
train,organ,organ_electronic_070,electronic,440,88,21,108,5,0.012762131275923079
train,organ,organ_electronic_071,electronic,305,61,24,84,5,0.008846477361719406
train,organ,organ_electronic_072,electronic,305,61,36,96,5,0.008846477361719406
train,organ,organ_electronic_073,electronic,305,61,24,84,5,0.008846477361719406
train,organ,organ_electronic_074,electronic,305,61,24,84,5,0.008846477361719406
train,organ,organ_electronic_075,electronic,305,61,24,84,5,0.008846477361719406
train,organ,organ_electronic_076,electronic,305,61,24,84,5,0.008846477361719406
train,organ,organ_electronic_077,electronic,440,88,21,108,5,0.012762131275923079
train,organ,organ_electronic_078,electronic,305,61,36,96,5,0.008846477361719406
train,organ,organ_electronic_079,electronic,135,59,25,84,5,0.003915653914203672
train,organ,organ_electronic_080,electronic,305,61,24,84,5,0.008846477361719406
train,organ,organ_electronic_081,electronic,158,57,24,84,5,0.004582765321808742
train,organ,organ_electronic_082,electronic,120,49,24,110,5,0.003480581257069931
train,organ,organ_electronic_083,electronic,305,61,24,84,5,0.008846477361719406
train,organ,organ_electronic_084,electronic,62,62,24,85,1,0.0017983003161527976
train,organ,organ_electronic_085,electronic,305,61,24,84,5,0.008846477361719406
train,organ,organ_electronic_086,electronic,305,61,24,84,5,0.008846477361719406
train,organ,organ_electronic_087,electronic,305,61,24,84,5,0.008846477361719406
train,organ,organ_electronic_088,electronic,305,61,24,84,5,0.008846477361719406
train,organ,organ_electronic_089,electronic,305,61,24,84,5,0.008846477361719406
train,organ,organ_electronic_090,electronic,305,61,36,96,5,0.008846477361719406
train,organ,organ_electronic_091,electronic,255,51,36,86,5,0.007396235171273603
train,organ,organ_electronic_092,electronic,137,58,24,108,5,0.003973663601821504
train,organ,organ_electronic_093,electronic,305,61,24,84,5,0.008846477361719406
train,organ,organ_electronic_094,electronic,305,61,24,84,5,0.008846477361719406
train,organ,organ_electronic_095,electronic,305,61,24,84,5,0.008846477361719406
train,organ,organ_electronic_096,electronic,305,61,24,84,5,0.008846477361719406
train,organ,organ_electronic_097,electronic,305,61,24,84,5,0.008846477361719406
train,organ,organ_electronic_098,electronic,305,61,24,84,5,0.008846477361719406
train,organ,organ_electronic_099,electronic,305,61,24,84,5,0.008846477361719406
train,organ,organ_electronic_100,electronic,310,62,24,85,5,0.008991501580763988
train,organ,organ_electronic_101,electronic,305,61,24,84,5,0.008846477361719406
train,organ,organ_electronic_102,electronic,440,88,21,108,5,0.012762131275923079
train,organ,organ_electronic_103,electronic,305,61,36,96,5,0.008846477361719406
train,organ,organ_electronic_105,electronic,61,61,24,84,1,0.0017692954723438814
train,organ,organ_electronic_106,electronic,305,61,24,84,5,0.008846477361719406
train,organ,organ_electronic_107,electronic,305,61,36,96,5,0.008846477361719406
train,organ,organ_electronic_108,electronic,62,62,24,85,1,0.0017983003161527976
train,organ,organ_electronic_109,electronic,305,61,24,84,5,0.008846477361719406
train,organ,organ_electronic_110,electronic,61,61,24,84,1,0.0017692954723438814
train,organ,organ_electronic_111,electronic,305,61,24,84,5,0.008846477361719406
train,organ,organ_electronic_112,electronic,440,88,21,108,5,0.012762131275923079
train,organ,organ_electronic_114,electronic,305,61,24,84,5,0.008846477361719406
train,organ,organ_electronic_115,electronic,61,61,24,84,1,0.0017692954723438814
train,organ,organ_electronic_116,electronic,61,61,36,96,1,0.0017692954723438814
train,organ,organ_electronic_117,electronic,305,61,24,84,5,0.008846477361719406
train,organ,organ_electronic_118,electronic,61,61,24,84,1,0.0017692954723438814
train,organ,organ_electronic_119,electronic,88,88,21,108,1,0.0025524262551846156
train,organ,organ_electronic_120,electronic,61,61,24,84,1,0.0017692954723438814
train,organ,organ_electronic_121,electronic,61,61,36,96,1,0.0017692954723438814
train,organ,organ_electronic_122,electronic,61,61,24,84,1,0.0017692954723438814
train,organ,organ_electronic_123,electronic,61,61,36,96,1,0.0017692954723438814
train,organ,organ_electronic_124,electronic,61,61,36,96,1,0.0017692954723438814
train,organ,organ_electronic_125,electronic,62,62,24,85,1,0.0017983003161527976
train,organ,organ_electronic_126,electronic,150,57,24,84,5,0.004350726571337413
train,organ,organ_electronic_127,electronic,61,61,24,84,1,0.0017692954723438814
train,organ,organ_electronic_128,electronic,61,61,24,84,1,0.0017692954723438814
train,organ,organ_electronic_129,electronic,61,61,24,84,1,0.0017692954723438814
train,reed,reed_acoustic_000,acoustic,300,60,34,93,5,0.021565667457407806
train,reed,reed_acoustic_001,acoustic,185,37,55,91,5,0.01329882826540148
train,reed,reed_acoustic_002,acoustic,230,46,31,76,5,0.01653367838401265
train,reed,reed_acoustic_003,acoustic,440,88,21,108,5,0.03162964560419812
train,reed,reed_acoustic_004,acoustic,205,41,48,88,5,0.014736539429228668
train,reed,reed_acoustic_005,acoustic,200,40,21,60,5,0.01437711163827187
train,reed,reed_acoustic_006,acoustic,185,37,55,91,5,0.01329882826540148
train,reed,reed_acoustic_007,acoustic,185,37,55,91,5,0.01329882826540148
train,reed,reed_acoustic_008,acoustic,160,32,48,79,5,0.011501689310617498
train,reed,reed_acoustic_009,acoustic,220,44,48,91,5,0.01581482280209906
train,reed,reed_acoustic_010,acoustic,205,41,48,88,5,0.014736539429228668
train,reed,reed_acoustic_012,acoustic,200,40,21,60,5,0.01437711163827187
train,reed,reed_acoustic_013,acoustic,245,49,31,79,5,0.01761196175688304
train,reed,reed_acoustic_014,acoustic,440,88,21,108,5,0.03162964560419812
train,reed,reed_acoustic_015,acoustic,245,49,48,96,5,0.01761196175688304
train,reed,reed_acoustic_016,acoustic,230,46,31,76,5,0.01653367838401265
train,reed,reed_acoustic_017,acoustic,205,41,48,88,5,0.014736539429228668
train,reed,reed_acoustic_019,acoustic,215,43,34,76,5,0.015455395011142261
train,reed,reed_acoustic_020,acoustic,205,41,49,89,5,0.014736539429228668
train,reed,reed_acoustic_021,acoustic,275,55,22,76,5,0.01976852850262382
train,reed,reed_acoustic_022,acoustic,155,31,55,85,5,0.0111422615196607
train,reed,reed_acoustic_024,acoustic,440,88,21,108,5,0.03162964560419812
train,reed,reed_acoustic_025,acoustic,185,37,55,91,5,0.01329882826540148
train,reed,reed_acoustic_026,acoustic,140,28,21,48,5,0.01006397814679031
train,reed,reed_acoustic_027,acoustic,185,37,58,94,5,0.01329882826540148
train,reed,reed_acoustic_028,acoustic,165,33,36,68,5,0.011861117101574293
train,reed,reed_acoustic_029,acoustic,185,37,57,93,5,0.01329882826540148
train,reed,reed_acoustic_030,acoustic,440,88,21,108,5,0.03162964560419812
train,reed,reed_acoustic_031,acoustic,220,44,48,91,5,0.01581482280209906
train,reed,reed_acoustic_032,acoustic,230,46,31,76,5,0.01653367838401265
train,reed,reed_acoustic_033,acoustic,245,49,31,79,5,0.01761196175688304
train,reed,reed_acoustic_034,acoustic,245,49,48,96,5,0.01761196175688304
train,reed,reed_acoustic_035,acoustic,185,37,55,91,5,0.01329882826540148
train,reed,reed_acoustic_036,acoustic,245,49,48,96,5,0.01761196175688304
train,reed,reed_acoustic_038,acoustic,72,31,60,91,5,0.005175760189777874
train,reed,reed_acoustic_039,acoustic,220,44,50,93,5,0.01581482280209906
train,reed,reed_acoustic_040,acoustic,80,16,34,49,5,0.005750844655308749
train,reed,reed_acoustic_041,acoustic,440,88,21,108,5,0.03162964560419812
train,reed,reed_acoustic_042,acoustic,195,39,48,86,5,0.014017683847315074
train,reed,reed_acoustic_043,acoustic,185,37,55,91,5,0.01329882826540148
train,reed,reed_acoustic_044,acoustic,245,49,48,96,5,0.01761196175688304
train,reed,reed_acoustic_045,acoustic,185,37,55,91,5,0.01329882826540148
train,reed,reed_acoustic_046,acoustic,60,12,22,33,5,0.004313133491481561
train,reed,reed_acoustic_047,acoustic,220,44,48,91,5,0.01581482280209906
train,reed,reed_acoustic_048,acoustic,245,49,31,79,5,0.01761196175688304
train,reed,reed_acoustic_049,acoustic,245,49,31,79,5,0.01761196175688304
train,reed,reed_acoustic_050,acoustic,230,46,31,76,5,0.01653367838401265
train,reed,reed_acoustic_051,acoustic,165,33,44,76,5,0.011861117101574293
train,reed,reed_acoustic_052,acoustic,220,44,48,91,5,0.01581482280209906
train,reed,reed_acoustic_053,acoustic,215,43,44,86,5,0.015455395011142261
train,reed,reed_acoustic_054,acoustic,230,46,31,76,5,0.01653367838401265
train,reed,reed_acoustic_055,acoustic,440,88,21,108,5,0.03162964560419812
train,reed,reed_acoustic_056,acoustic,220,44,48,91,5,0.01581482280209906
train,reed,reed_acoustic_057,acoustic,230,46,31,76,5,0.01653367838401265
train,reed,reed_acoustic_058,acoustic,220,44,48,91,5,0.01581482280209906
train,reed,reed_acoustic_059,acoustic,345,69,28,96,5,0.024800517576018977
train,reed,reed_acoustic_060,acoustic,220,44,48,91,5,0.01581482280209906
train,reed,reed_acoustic_061,acoustic,140,28,25,73,5,0.01006397814679031
train,reed,reed_electronic_000,electronic,76,76,21,96,1,0.005463302422543311
train,reed,reed_synthetic_000,synthetic,88,88,21,108,1,0.006325929120839623
train,reed,reed_synthetic_001,synthetic,440,88,21,108,5,0.03162964560419812
train,string,string_acoustic_000,acoustic,365,73,24,96,5,0.018742939303686968
train,string,string_acoustic_001,acoustic,185,37,48,84,5,0.00949984594844408
train,string,string_acoustic_002,acoustic,365,73,24,96,5,0.018742939303686968
train,string,string_acoustic_003,acoustic,235,47,55,101,5,0.012067371880455993
train,string,string_acoustic_004,acoustic,220,44,48,91,5,0.011297114100852419
train,string,string_acoustic_005,acoustic,280,56,36,91,5,0.014378145219266714
train,string,string_acoustic_006,acoustic,210,42,55,96,5,0.010783608914450037
train,string,string_acoustic_007,acoustic,185,37,36,72,5,0.00949984594844408
train,string,string_acoustic_008,acoustic,210,42,26,67,5,0.010783608914450037
train,string,string_acoustic_009,acoustic,185,37,48,84,5,0.00949984594844408
train,string,string_acoustic_010,acoustic,205,41,36,76,5,0.010526856321248845
train,string,string_acoustic_011,acoustic,365,73,24,96,5,0.018742939303686968
train,string,string_acoustic_013,acoustic,220,44,24,67,5,0.011297114100852419
train,string,string_acoustic_015,acoustic,185,37,36,72,5,0.00949984594844408
train,string,string_acoustic_016,acoustic,160,32,24,55,5,0.008216082982438123
train,string,string_acoustic_017,acoustic,365,73,24,96,5,0.018742939303686968
train,string,string_acoustic_018,acoustic,365,73,24,96,5,0.018742939303686968
train,string,string_acoustic_019,acoustic,415,83,23,105,5,0.02131046523569888
train,string,string_acoustic_020,acoustic,185,37,48,84,5,0.00949984594844408
train,string,string_acoustic_021,acoustic,210,42,24,65,5,0.010783608914450037
train,string,string_acoustic_022,acoustic,160,32,24,55,5,0.008216082982438123
train,string,string_acoustic_023,acoustic,185,37,48,84,5,0.00949984594844408
train,string,string_acoustic_024,acoustic,220,44,36,79,5,0.011297114100852419
train,string,string_acoustic_025,acoustic,220,44,55,98,5,0.011297114100852419
train,string,string_acoustic_026,acoustic,210,42,55,96,5,0.010783608914450037
train,string,string_acoustic_027,acoustic,345,69,30,98,5,0.017715928930882203
train,string,string_acoustic_028,acoustic,220,44,24,67,5,0.011297114100852419
train,string,string_acoustic_029,acoustic,365,73,24,96,5,0.018742939303686968
train,string,string_acoustic_030,acoustic,365,73,24,96,5,0.018742939303686968
train,string,string_acoustic_031,acoustic,205,41,36,76,5,0.010526856321248845
train,string,string_acoustic_032,acoustic,210,42,55,96,5,0.010783608914450037
train,string,string_acoustic_033,acoustic,365,73,24,96,5,0.018742939303686968
train,string,string_acoustic_034,acoustic,210,42,55,96,5,0.010783608914450037
train,string,string_acoustic_035,acoustic,235,47,55,101,5,0.012067371880455993
train,string,string_acoustic_036,acoustic,210,42,55,96,5,0.010783608914450037
train,string,string_acoustic_037,acoustic,160,32,24,55,5,0.008216082982438123
train,string,string_acoustic_038,acoustic,335,67,30,96,5,0.01720242374447982
train,string,string_acoustic_039,acoustic,70,14,40,53,5,0.0035945363048166786
train,string,string_acoustic_040,acoustic,185,37,48,84,5,0.00949984594844408
train,string,string_acoustic_041,acoustic,205,41,48,88,5,0.010526856321248845
train,string,string_acoustic_042,acoustic,185,37,36,72,5,0.00949984594844408
train,string,string_acoustic_043,acoustic,365,73,24,96,5,0.018742939303686968
train,string,string_acoustic_044,acoustic,365,73,24,96,5,0.018742939303686968
train,string,string_acoustic_045,acoustic,210,42,24,65,5,0.010783608914450037
train,string,string_acoustic_046,acoustic,235,47,55,101,5,0.012067371880455993
train,string,string_acoustic_047,acoustic,210,42,55,96,5,0.010783608914450037
train,string,string_acoustic_048,acoustic,220,44,36,79,5,0.011297114100852419
train,string,string_acoustic_049,acoustic,185,37,48,84,5,0.00949984594844408
train,string,string_acoustic_050,acoustic,220,44,48,91,5,0.011297114100852419
train,string,string_acoustic_051,acoustic,220,44,36,79,5,0.011297114100852419
train,string,string_acoustic_052,acoustic,185,37,36,72,5,0.00949984594844408
train,string,string_acoustic_053,acoustic,220,44,36,79,5,0.011297114100852419
train,string,string_acoustic_054,acoustic,185,37,48,84,5,0.00949984594844408
train,string,string_acoustic_055,acoustic,210,42,55,96,5,0.010783608914450037
train,string,string_acoustic_058,acoustic,185,37,48,84,5,0.00949984594844408
train,string,string_acoustic_059,acoustic,185,37,48,84,5,0.00949984594844408
train,string,string_acoustic_060,acoustic,365,73,24,96,5,0.018742939303686968
train,string,string_acoustic_061,acoustic,220,44,36,79,5,0.011297114100852419
train,string,string_acoustic_062,acoustic,210,42,24,65,5,0.010783608914450037
train,string,string_acoustic_063,acoustic,185,37,36,72,5,0.00949984594844408
train,string,string_acoustic_064,acoustic,185,37,36,72,5,0.00949984594844408
train,string,string_acoustic_065,acoustic,185,37,48,84,5,0.00949984594844408
train,string,string_acoustic_066,acoustic,210,42,55,96,5,0.010783608914450037
train,string,string_acoustic_067,acoustic,215,43,55,97,5,0.011040361507651227
train,string,string_acoustic_068,acoustic,220,44,24,67,5,0.011297114100852419
train,string,string_acoustic_069,acoustic,365,73,24,96,5,0.018742939303686968
train,string,string_acoustic_070,acoustic,210,42,55,96,5,0.010783608914450037
train,string,string_acoustic_072,acoustic,100,20,48,81,5,0.005135051864023826
train,string,string_acoustic_073,acoustic,160,32,24,55,5,0.008216082982438123
train,string,string_acoustic_074,acoustic,185,37,48,84,5,0.00949984594844408
train,string,string_acoustic_075,acoustic,235,47,55,101,5,0.012067371880455993
train,string,string_acoustic_076,acoustic,220,44,48,91,5,0.011297114100852419
train,string,string_acoustic_077,acoustic,220,44,24,67,5,0.011297114100852419
train,string,string_acoustic_078,acoustic,210,42,55,96,5,0.010783608914450037
train,string,string_acoustic_079,acoustic,205,41,36,76,5,0.010526856321248845
train,string,string_acoustic_081,acoustic,205,41,36,76,5,0.010526856321248845
train,string,string_acoustic_082,acoustic,200,40,23,62,5,0.010270103728047653
train,string,string_acoustic_083,acoustic,220,44,48,91,5,0.011297114100852419
train,string,string_acoustic_084,acoustic,100,20,48,81,5,0.005135051864023826
train,string,string_acoustic_085,acoustic,230,46,48,93,5,0.011810619287254801
train,string,string_acoustic_086,acoustic,185,37,48,84,5,0.00949984594844408
train,string,string_acoustic_087,acoustic,160,32,24,55,5,0.008216082982438123
train,string,string_acoustic_088,acoustic,210,42,55,96,5,0.010783608914450037
train,string,string_acoustic_089,acoustic,185,37,36,72,5,0.00949984594844408
train,string,string_acoustic_090,acoustic,210,42,55,96,5,0.010783608914450037
train,string,string_electronic_000,electronic,49,49,48,96,1,0.0025161754133716753
train,string,string_electronic_001,electronic,35,35,55,89,1,0.0017972681524083393
train,synth_lead,synth_lead_synthetic_000,synthetic,440,88,21,108,5,0.07998545718960189
train,synth_lead,synth_lead_synthetic_001,synthetic,440,88,21,108,5,0.07998545718960189
train,synth_lead,synth_lead_synthetic_002,synthetic,440,88,9,96,5,0.07998545718960189
train,synth_lead,synth_lead_synthetic_003,synthetic,221,84,34,120,5,0.040174513724777317
train,synth_lead,synth_lead_synthetic_004,synthetic,440,88,21,108,5,0.07998545718960189
train,synth_lead,synth_lead_synthetic_005,synthetic,440,88,21,108,5,0.07998545718960189
train,synth_lead,synth_lead_synthetic_006,synthetic,440,88,21,108,5,0.07998545718960189
train,synth_lead,synth_lead_synthetic_007,synthetic,440,88,21,108,5,0.07998545718960189
train,synth_lead,synth_lead_synthetic_008,synthetic,440,88,9,96,5,0.07998545718960189
train,synth_lead,synth_lead_synthetic_009,synthetic,440,88,9,96,5,0.07998545718960189
train,synth_lead,synth_lead_synthetic_010,synthetic,440,88,21,108,5,0.07998545718960189
train,synth_lead,synth_lead_synthetic_011,synthetic,440,88,9,96,5,0.07998545718960189
train,synth_lead,synth_lead_synthetic_012,synthetic,440,88,21,108,5,0.07998545718960189
train,vocal,vocal_acoustic_001,acoustic,100,20,38,57,5,0.009796238244514107
train,vocal,vocal_acoustic_002,acoustic,115,23,60,82,5,0.011265673981191222
train,vocal,vocal_acoustic_003,acoustic,215,43,38,80,5,0.021061912225705328
train,vocal,vocal_acoustic_004,acoustic,115,23,52,74,5,0.011265673981191222
train,vocal,vocal_acoustic_005,acoustic,115,23,52,74,5,0.011265673981191222
train,vocal,vocal_acoustic_006,acoustic,100,20,38,57,5,0.009796238244514107
train,vocal,vocal_acoustic_007,acoustic,105,21,38,58,5,0.010286050156739812
train,vocal,vocal_acoustic_008,acoustic,100,20,38,57,5,0.009796238244514107
train,vocal,vocal_acoustic_009,acoustic,105,21,50,70,5,0.010286050156739812
train,vocal,vocal_acoustic_010,acoustic,105,21,50,70,5,0.010286050156739812
train,vocal,vocal_acoustic_011,acoustic,225,45,38,82,5,0.02204153605015674
train,vocal,vocal_acoustic_012,acoustic,105,21,50,70,5,0.010286050156739812
train,vocal,vocal_acoustic_013,acoustic,225,45,38,82,5,0.02204153605015674
train,vocal,vocal_acoustic_014,acoustic,115,23,60,82,5,0.011265673981191222
train,vocal,vocal_acoustic_015,acoustic,115,23,52,74,5,0.011265673981191222
train,vocal,vocal_acoustic_016,acoustic,115,23,52,74,5,0.011265673981191222
train,vocal,vocal_acoustic_017,acoustic,100,20,38,57,5,0.009796238244514107
train,vocal,vocal_acoustic_018,acoustic,120,24,52,75,5,0.011755485893416929
train,vocal,vocal_acoustic_019,acoustic,115,23,60,82,5,0.011265673981191222
train,vocal,vocal_acoustic_020,acoustic,115,23,60,82,5,0.011265673981191222
train,vocal,vocal_acoustic_021,acoustic,110,22,60,81,5,0.010775862068965518
train,vocal,vocal_acoustic_022,acoustic,220,44,38,81,5,0.021551724137931036
train,vocal,vocal_acoustic_023,acoustic,225,45,38,82,5,0.02204153605015674
train,vocal,vocal_acoustic_024,acoustic,225,45,38,82,5,0.02204153605015674
train,vocal,vocal_acoustic_025,acoustic,105,21,60,80,5,0.010286050156739812
train,vocal,vocal_acoustic_026,acoustic,100,20,38,57,5,0.009796238244514107
train,vocal,vocal_acoustic_027,acoustic,90,18,50,67,5,0.008816614420062695
train,vocal,vocal_acoustic_028,acoustic,115,23,52,74,5,0.011265673981191222
train,vocal,vocal_acoustic_029,acoustic,105,21,50,70,5,0.010286050156739812
train,vocal,vocal_electronic_000,electronic,35,35,55,89,1,0.0034286833855799374
train,vocal,vocal_electronic_001,electronic,35,35,43,77,1,0.0034286833855799374
train,vocal,vocal_electronic_002,electronic,35,35,55,89,1,0.0034286833855799374
train,vocal,vocal_electronic_003,electronic,35,35,55,89,1,0.0034286833855799374
train,vocal,vocal_synthetic_000,synthetic,440,88,9,96,5,0.04310344827586207
train,vocal,vocal_synthetic_001,synthetic,440,88,21,108,5,0.04310344827586207
train,vocal,vocal_synthetic_002,synthetic,440,88,21,108,5,0.04310344827586207
train,vocal,vocal_synthetic_004,synthetic,440,88,21,108,5,0.04310344827586207
train,vocal,vocal_synthetic_005,synthetic,440,88,21,108,5,0.04310344827586207
train,vocal,vocal_synthetic_006,synthetic,440,88,21,108,5,0.04310344827586207
train,vocal,vocal_synthetic_007,synthetic,440,88,21,108,5,0.04310344827586207
train,vocal,vocal_synthetic_008,synthetic,440,88,21,108,5,0.04310344827586207
train,vocal,vocal_synthetic_009,synthetic,440,88,21,108,5,0.04310344827586207
train,vocal,vocal_synthetic_010,synthetic,440,88,21,108,5,0.04310344827586207
train,vocal,vocal_synthetic_011,synthetic,88,88,21,108,1,0.008620689655172414
train,vocal,vocal_synthetic_012,synthetic,440,88,21,108,5,0.04310344827586207
train,vocal,vocal_synthetic_013,synthetic,440,88,21,108,5,0.04310344827586207
train,vocal,vocal_synthetic_014,synthetic,440,88,21,108,5,0.04310344827586207
train,vocal,vocal_synthetic_015,synthetic,440,88,9,96,5,0.04310344827586207
valid,bass,bass_electronic_018,electronic,160,42,22,63,5,0.060652009097801364
valid,bass,bass_electronic_025,electronic,157,42,22,63,5,0.05951478392721759
valid,bass,bass_electronic_027,electronic,153,42,22,63,5,0.057998483699772556
valid,bass,bass_synthetic_009,synthetic,321,88,9,96,5,0.12168309325246399
valid,bass,bass_synthetic_033,synthetic,335,88,21,108,5,0.1269901440485216
valid,bass,bass_synthetic_034,synthetic,156,80,21,108,5,0.05913570887035633
valid,bass,bass_synthetic_068,synthetic,332,88,21,108,5,0.12585291887793784
valid,bass,bass_synthetic_098,synthetic,348,88,21,108,5,0.13191811978771797
valid,bass,bass_synthetic_134,synthetic,343,88,21,108,5,0.13002274450341167
valid,bass,bass_synthetic_135,synthetic,333,88,21,108,5,0.12623199393479909
valid,brass,brass_acoustic_006,acoustic,241,65,24,88,5,0.27200902934537247
valid,brass,brass_acoustic_015,acoustic,143,37,41,77,5,0.1613995485327314
valid,brass,brass_acoustic_016,acoustic,151,38,52,89,5,0.17042889390519186
valid,brass,brass_acoustic_046,acoustic,213,57,52,108,5,0.24040632054176073
valid,brass,brass_acoustic_059,acoustic,138,34,31,64,5,0.15575620767494355
valid,flute,flute_acoustic_002,acoustic,155,42,67,108,5,0.32978723404255317
valid,flute,flute_synthetic_000,synthetic,315,88,21,108,5,0.6702127659574468
valid,guitar,guitar_acoustic_010,acoustic,329,87,21,108,5,0.158097068716963
valid,guitar,guitar_acoustic_014,acoustic,323,88,21,108,5,0.15521383950024026
valid,guitar,guitar_acoustic_015,acoustic,339,88,21,108,5,0.16290245074483423
valid,guitar,guitar_acoustic_021,acoustic,329,88,21,108,5,0.158097068716963
valid,guitar,guitar_acoustic_030,acoustic,162,79,21,107,5,0.07784718885151369
valid,guitar,guitar_electronic_022,electronic,256,66,24,89,5,0.12301777991350313
valid,guitar,guitar_electronic_028,electronic,343,88,21,108,5,0.1648246035559827
valid,keyboard,keyboard_acoustic_004,acoustic,321,88,21,108,5,0.13352745424292845
valid,keyboard,keyboard_electronic_001,electronic,344,88,21,108,5,0.14309484193011648
valid,keyboard,keyboard_electronic_002,electronic,333,87,21,108,5,0.13851913477537436
valid,keyboard,keyboard_electronic_003,electronic,279,74,23,96,5,0.11605657237936771
valid,keyboard,keyboard_electronic_069,electronic,235,60,30,89,5,0.09775374376039933
valid,keyboard,keyboard_electronic_078,electronic,219,60,29,88,5,0.0910981697171381
valid,keyboard,keyboard_electronic_098,electronic,341,88,21,108,5,0.141846921797005
valid,keyboard,keyboard_synthetic_000,synthetic,332,88,21,108,5,0.13810316139767054
valid,mallet,mallet_acoustic_047,acoustic,169,44,65,108,5,0.2549019607843137
valid,mallet,mallet_acoustic_056,acoustic,162,80,34,120,5,0.24434389140271492
valid,mallet,mallet_acoustic_062,acoustic,332,88,21,108,5,0.5007541478129713
valid,organ,organ_electronic_001,electronic,233,61,36,96,5,0.14580725907384232
valid,organ,organ_electronic_007,electronic,332,88,9,96,5,0.20775969962453067
valid,organ,organ_electronic_028,electronic,329,88,21,108,5,0.20588235294117646
valid,organ,organ_electronic_057,electronic,233,61,24,84,5,0.14580725907384232
valid,organ,organ_electronic_104,electronic,234,61,24,84,5,0.14643304130162704
valid,organ,organ_electronic_113,electronic,237,61,24,84,5,0.14831038798498122
valid,reed,reed_acoustic_011,acoustic,158,43,35,77,5,0.21944444444444444
valid,reed,reed_acoustic_018,acoustic,128,35,52,86,5,0.17777777777777778
valid,reed,reed_acoustic_023,acoustic,262,67,31,97,5,0.3638888888888889
valid,reed,reed_acoustic_037,acoustic,172,46,31,76,5,0.2388888888888889
valid,string,string_acoustic_012,acoustic,114,32,24,55,5,0.14004914004914004
valid,string,string_acoustic_014,acoustic,152,42,24,65,5,0.18673218673218672
valid,string,string_acoustic_056,acoustic,158,44,36,79,5,0.1941031941031941
valid,string,string_acoustic_057,acoustic,154,42,55,96,5,0.1891891891891892
valid,string,string_acoustic_071,acoustic,117,32,24,55,5,0.14373464373464373
valid,string,string_acoustic_080,acoustic,119,32,24,55,5,0.14619164619164618
valid,vocal,vocal_acoustic_000,acoustic,83,21,50,70,5,0.20544554455445543
valid,vocal,vocal_synthetic_003,synthetic,321,88,21,108,5,0.7945544554455446
