split,instrument_family_str,instrument_source_str,notes,source_instruments,family_note_fraction,family_instrument_fraction
test,bass,electronic,160,3,0.18979833926453143,0.3
test,bass,synthetic,683,7,0.8102016607354685,0.7
test,brass,acoustic,269,5,1.0,1.0
test,flute,acoustic,55,1,0.3055555555555556,0.5
test,flute,synthetic,125,1,0.6944444444444444,0.5
test,guitar,acoustic,481,5,0.7377300613496932,0.7142857142857143
test,guitar,electronic,171,2,0.26226993865030673,0.2857142857142857
test,keyboard,acoustic,119,1,0.15535248041775457,0.125
test,keyboard,electronic,539,6,0.7036553524804178,0.75
test,keyboard,synthetic,108,1,0.1409921671018277,0.125
test,mallet,acoustic,202,3,1.0,1.0
test,organ,electronic,502,6,1.0,1.0
test,reed,acoustic,235,4,1.0,1.0
test,string,acoustic,306,6,1.0,1.0
test,vocal,acoustic,22,1,0.15602836879432624,0.5
test,vocal,synthetic,119,1,0.8439716312056738,0.5
train,bass,acoustic,200,1,0.0030546476463939884,0.005434782608695652
train,bass,electronic,7757,37,0.11847450896539084,0.20108695652173914
train,bass,synthetic,57517,146,0.8784708433882151,0.7934782608695652
train,brass,acoustic,12605,62,0.9944773175542406,0.96875
train,brass,electronic,70,2,0.005522682445759369,0.03125
train,flute,acoustic,6362,35,0.7251795280975721,0.813953488372093
train,flute,electronic,35,1,0.003989513279379916,0.023255813953488372
train,flute,synthetic,2376,7,0.270830958623048,0.16279069767441862
train,guitar,acoustic,11380,32,0.34811869073111046,0.35555555555555557
train,guitar,electronic,16035,45,0.4905169776690119,0.5
train,guitar,synthetic,5275,13,0.16136433159987765,0.14444444444444443
train,keyboard,acoustic,8068,20,0.1556897782752166,0.14492753623188406
train,keyboard,electronic,40355,106,0.7787383493178441,0.7681159420289855
train,keyboard,synthetic,3398,12,0.06557187240693928,0.08695652173913043
train,mallet,acoustic,26857,78,0.7852694365661823,0.8041237113402062
train,mallet,electronic,5581,14,0.16318236308879858,0.14432989690721648
train,mallet,synthetic,1763,5,0.051548200345019154,0.05154639175257732
train,organ,acoustic,176,4,0.005104852510369231,0.03125
train,organ,electronic,34301,124,0.9948951474896308,0.96875
train,reed,acoustic,13307,58,0.9565811228524189,0.9508196721311475
train,reed,electronic,76,1,0.005463302422543311,0.01639344262295082
train,reed,synthetic,528,2,0.03795557472503774,0.03278688524590164
train,string,acoustic,19390,85,0.99568655643422,0.9770114942528736
train,string,electronic,84,2,0.004313443565780014,0.022988505747126436
train,synth_lead,synthetic,5501,13,1.0,1.0
train,vocal,acoustic,3820,29,0.3742163009404389,0.6041666666666666
train,vocal,electronic,140,4,0.01371473354231975,0.08333333333333333
train,vocal,synthetic,6248,15,0.6120689655172413,0.3125
valid,bass,electronic,470,3,0.17816527672479152,0.3
valid,bass,synthetic,2168,7,0.8218347232752085,0.7
valid,brass,acoustic,886,5,1.0,1.0
valid,flute,acoustic,155,1,0.32978723404255317,0.5
valid,flute,synthetic,315,1,0.6702127659574468,0.5
valid,guitar,acoustic,1482,5,0.7121576165305141,0.7142857142857143
valid,guitar,electronic,599,2,0.2878423834694858,0.2857142857142857
valid,keyboard,acoustic,321,1,0.13352745424292845,0.125
valid,keyboard,electronic,1751,6,0.728369384359401,0.75
valid,keyboard,synthetic,332,1,0.13810316139767054,0.125
valid,mallet,acoustic,663,3,1.0,1.0
valid,organ,electronic,1598,6,1.0,1.0
valid,reed,acoustic,720,4,1.0,1.0
valid,string,acoustic,814,6,1.0,1.0
valid,vocal,acoustic,83,1,0.20544554455445543,0.5
valid,vocal,synthetic,321,1,0.7945544554455446,0.5
